{"level":"\u001b[32minfo\u001b[39m","message":"\u001b[32mMercado Pago configurado com sucesso (SDK v2)\u001b[39m","timestamp":"2026-03-15 00:28:45:2845"}
{"environment":"development","level":"\u001b[32minfo\u001b[39m","message":"\u001b[32mSORED Backend iniciado\u001b[39m","port":"3001","timestamp":"2026-03-15 00:28:46:2846"}
{"level":"\u001b[32minfo\u001b[39m","message":"\u001b[32mMongoDB conectado com sucesso\u001b[39m","timestamp":"2026-03-15 00:28:46:2846","uri":"mongodb://localhost:27017/sored"}
{"duration":"8ms","ip":"::1","level":"\u001b[35mhttp\u001b[39m","message":"\u001b[35mHTTP Request\u001b[39m","method":"GET","status":200,"timestamp":"2026-03-15 00:29:03:293","url":"/public-key","userAgent":"curl/8.18.0"}
{"amount":50,"description":"Análise de integração","level":"\u001b[32minfo\u001b[39m","message":"\u001b[32mCreating checkout session with body:\u001b[39m","orderId":"test_analysis_123","payerEmail":"analysis@test.com","payerFirstName":"Analysis","payerLastName":"Test","payerPhone":"11999999999","paymentMethod":"credit_card","resolvedReturnUrl":"http://localhost:3000/subscription?success=true","returnUrl":"http://localhost:3000/subscription?success=true","timestamp":"2026-03-15 00:29:16:2916"}
{"error":"invalid default_payment_method_id. The default payment method is excluded","level":"\u001b[31merror\u001b[39m","message":"\u001b[31mErro ao criar preferência de pagamento\u001b[39m","orderId":"test_analysis_123","timestamp":"2026-03-15 00:29:17:2917"}
{"error":"invalid default_payment_method_id. The default payment method is excluded","level":"\u001b[31merror\u001b[39m","message":"\u001b[31mErro ao criar sessão de checkout\u001b[39m","timestamp":"2026-03-15 00:29:17:2917"}
{"duration":"809ms","ip":"::1","level":"\u001b[35mhttp\u001b[39m","message":"\u001b[35mHTTP Request\u001b[39m","method":"POST","status":500,"timestamp":"2026-03-15 00:29:17:2917","url":"/checkout","userAgent":"curl/8.18.0"}
{"level":"\u001b[32minfo\u001b[39m","message":"\u001b[32mMercado Pago configurado com sucesso (SDK v2)\u001b[39m","timestamp":"2026-03-15 00:30:11:3011"}
{"environment":"development","level":"\u001b[32minfo\u001b[39m","message":"\u001b[32mSORED Backend iniciado\u001b[39m","port":"3001","timestamp":"2026-03-15 00:30:13:3013"}
{"level":"\u001b[32minfo\u001b[39m","message":"\u001b[32mMongoDB conectado com sucesso\u001b[39m","timestamp":"2026-03-15 00:30:13:3013","uri":"mongodb://localhost:27017/sored"}
{"level":"\u001b[32minfo\u001b[39m","message":"\u001b[32mMercado Pago configurado com sucesso (SDK v2)\u001b[39m","timestamp":"2026-03-15 00:49:13:4913"}
{"environment":"development","level":"\u001b[32minfo\u001b[39m","message":"\u001b[32mSORED Backend iniciado\u001b[39m","port":"3001","timestamp":"2026-03-15 00:49:14:4914"}
{"level":"\u001b[32minfo\u001b[39m","message":"\u001b[32mMongoDB conectado com sucesso\u001b[39m","timestamp":"2026-03-15 00:49:15:4915","uri":"mongodb://localhost:27017/sored"}
{"duration":"936ms","ip":"::ffff:127.0.0.1","level":"\u001b[35mhttp\u001b[39m","message":"\u001b[35mHTTP Request\u001b[39m","method":"GET","status":304,"timestamp":"2026-03-15 00:50:15:5015","url":"/plans","userAgent":"Mozilla/5.0 (Windows NT 10.0; Win64; x64; rv:148.0) Gecko/20100101 Firefox/148.0"}
{"duration":"3ms","ip":"::ffff:127.0.0.1","level":"\u001b[35mhttp\u001b[39m","message":"\u001b[35mHTTP Request\u001b[39m","method":"GET","status":304,"timestamp":"2026-03-15 00:50:24:5024","url":"/public-key","userAgent":"Mozilla/5.0 (Windows NT 10.0; Win64; x64; rv:148.0) Gecko/20100101 Firefox/148.0"}
{"duration":"1ms","ip":"::ffff:127.0.0.1","level":"\u001b[35mhttp\u001b[39m","message":"\u001b[35mHTTP Request\u001b[39m","method":"GET","status":304,"timestamp":"2026-03-15 00:50:24:5024","url":"/public-key","userAgent":"Mozilla/5.0 (Windows NT 10.0; Win64; x64; rv:148.0) Gecko/20100101 Firefox/148.0"}
{"level":"\u001b[32minfo\u001b[39m","message":"\u001b[32mHealth check hit\u001b[39m","timestamp":"2026-03-15 00:50:32:5032"}
{"duration":"18ms","ip":"::1","level":"\u001b[35mhttp\u001b[39m","message":"\u001b[35mHTTP Request\u001b[39m","method":"GET","status":200,"timestamp":"2026-03-15 00:50:32:5032","url":"/api/health","userAgent":"curl/8.18.0"}
{"duration":"2ms","ip":"::1","level":"\u001b[35mhttp\u001b[39m","message":"\u001b[35mHTTP Request\u001b[39m","method":"GET","status":200,"timestamp":"2026-03-15 00:50:52:5052","url":"/public-key","userAgent":"curl/8.18.0"}
{"amount":50,"description":"Teste do sistema","level":"\u001b[32minfo\u001b[39m","message":"\u001b[32mCreating checkout session with body:\u001b[39m","orderId":"test_system_123","payerEmail":"system@test.com","payerFirstName":"System","payerLastName":"Test","payerPhone":"11999999999","paymentMethod":"credit_card","resolvedReturnUrl":"http://localhost:3000/subscription?success=true","returnUrl":"http://localhost:3000/subscription?success=true","timestamp":"2026-03-15 00:51:09:519"}
{"error":"invalid default_payment_method_id. The default payment method is excluded","level":"\u001b[31merror\u001b[39m","message":"\u001b[31mErro ao criar preferência de pagamento\u001b[39m","orderId":"test_system_123","timestamp":"2026-03-15 00:51:09:519"}
{"error":"invalid default_payment_method_id. The default payment method is excluded","level":"\u001b[31merror\u001b[39m","message":"\u001b[31mErro ao criar sessão de checkout\u001b[39m","timestamp":"2026-03-15 00:51:09:519"}
{"duration":"756ms","ip":"::1","level":"\u001b[35mhttp\u001b[39m","message":"\u001b[35mHTTP Request\u001b[39m","method":"POST","status":500,"timestamp":"2026-03-15 00:51:09:519","url":"/checkout","userAgent":"curl/8.18.0"}
{"level":"\u001b[32minfo\u001b[39m","message":"\u001b[32mMercado Pago configurado com sucesso (SDK v2)\u001b[39m","timestamp":"2026-03-15 00:52:10:5210"}
{"environment":"development","level":"\u001b[32minfo\u001b[39m","message":"\u001b[32mSORED Backend iniciado\u001b[39m","port":"3001","timestamp":"2026-03-15 00:52:12:5212"}
{"level":"\u001b[32minfo\u001b[39m","message":"\u001b[32mMongoDB conectado com sucesso\u001b[39m","timestamp":"2026-03-15 00:52:12:5212","uri":"mongodb://localhost:27017/sored"}
{"amount":50,"description":"Teste funcionando","level":"\u001b[32minfo\u001b[39m","message":"\u001b[32mCreating checkout session with body:\u001b[39m","orderId":"test_working_123","payerEmail":"working@test.com","payerFirstName":"Working","payerLastName":"Test","payerPhone":"11999999999","paymentMethod":"credit_card","resolvedReturnUrl":"http://localhost:3000/subscription?success=true","returnUrl":"http://localhost:3000/subscription?success=true","timestamp":"2026-03-15 00:52:30:5230"}
{"level":"\u001b[32minfo\u001b[39m","message":"\u001b[32mPreferência de pagamento criada\u001b[39m","orderId":"test_working_123","preferenceId":"194511733-3298a5ce-d135-48ed-99ef-a23b87eb0a2f","timestamp":"2026-03-15 00:52:30:5230"}
{"level":"\u001b[32minfo\u001b[39m","message":"\u001b[32mPagamento interno criado para rastreamento\u001b[39m","paymentId":"69b62cfee477cd1fb51db875","preferenceId":"194511733-3298a5ce-d135-48ed-99ef-a23b87eb0a2f","timestamp":"2026-03-15 00:52:30:5230"}
{"duration":"795ms","ip":"::1","level":"\u001b[35mhttp\u001b[39m","message":"\u001b[35mHTTP Request\u001b[39m","method":"POST","status":200,"timestamp":"2026-03-15 00:52:30:5230","url":"/checkout","userAgent":"curl/8.18.0"}
{"level":"\u001b[32minfo\u001b[39m","message":"\u001b[32mIniciando criação de pagamento PIX\u001b[39m","timestamp":"2026-03-15 00:53:00:530"}
{"amount":25,"level":"\u001b[32minfo\u001b[39m","message":"\u001b[32mDados do pagamento PIX\u001b[39m","orderId":"test_pix_123","payerEmail":"pix@test.com","timestamp":"2026-03-15 00:53:00:530"}
{"level":"\u001b[32minfo\u001b[39m","message":"\u001b[32mPagamento PIX criado\u001b[39m","orderId":"test_pix_123","paymentId":150431116604,"timestamp":"2026-03-15 00:53:02:532"}
{"level":"\u001b[32minfo\u001b[39m","message":"\u001b[32mPagamento PIX criado com sucesso\u001b[39m","paymentId":150431116604,"timestamp":"2026-03-15 00:53:02:532"}
{"level":"\u001b[32minfo\u001b[39m","message":"\u001b[32mPagamento interno criado para rastreamento\u001b[39m","paymentId":"69b62d1ee477cd1fb51db877","preferenceId":"150431116604","timestamp":"2026-03-15 00:53:02:532"}
{"level":"\u001b[32minfo\u001b[39m","message":"\u001b[32mPagamento interno criado\u001b[39m","paymentId":"69b62d1ee477cd1fb51db877","timestamp":"2026-03-15 00:53:02:532"}
{"isTest":false,"level":"\u001b[32minfo\u001b[39m","message":"\u001b[32mPagamento PIX processado com sucesso\u001b[39m","paymentId":150431116604,"status":"pending","timestamp":"2026-03-15 00:53:02:532"}
{"dateOfExpiration":"2026-03-15T23:53:01.502-04:00","level":"\u001b[32minfo\u001b[39m","message":"\u001b[32mEnviando resposta PIX\u001b[39m","paymentId":150431116604,"status":"pending","timestamp":"2026-03-15 00:53:02:532","transactionAmount":25}
{"duration":"1170ms","ip":"::1","level":"\u001b[35mhttp\u001b[39m","message":"\u001b[35mHTTP Request\u001b[39m","method":"POST","status":200,"timestamp":"2026-03-15 00:53:02:532","url":"/pix/create","userAgent":"curl/8.18.0"}
{"amount":100,"description":"Plano Mensal - month","level":"\u001b[32minfo\u001b[39m","message":"\u001b[32mCreating checkout session with body:\u001b[39m","orderId":"plan_monthly_1773546836928","payerEmail":"gilmar40dutra@gmail.com","payerFirstName":"gilmar","payerLastName":"dutra","payerPhone":"65996767613","paymentMethod":"credit_card","resolvedReturnUrl":"http://localhost:3000/subscription?success=true","returnUrl":"http://localhost:3000/subscription?success=true","timestamp":"2026-03-15 00:54:01:541"}
{"level":"\u001b[32minfo\u001b[39m","message":"\u001b[32mPreferência de pagamento criada\u001b[39m","orderId":"plan_monthly_1773546836928","preferenceId":"194511733-d46caf7f-1e28-4838-984c-7b3eb3d0ee99","timestamp":"2026-03-15 00:54:01:541"}
{"level":"\u001b[32minfo\u001b[39m","message":"\u001b[32mPagamento interno criado para rastreamento\u001b[39m","paymentId":"69b62d59e477cd1fb51db879","preferenceId":"194511733-d46caf7f-1e28-4838-984c-7b3eb3d0ee99","timestamp":"2026-03-15 00:54:01:541"}
{"duration":"646ms","ip":"::ffff:127.0.0.1","level":"\u001b[35mhttp\u001b[39m","message":"\u001b[35mHTTP Request\u001b[39m","method":"POST","status":200,"timestamp":"2026-03-15 00:54:01:541","url":"/checkout","userAgent":"Mozilla/5.0 (Windows NT 10.0; Win64; x64; rv:148.0) Gecko/20100101 Firefox/148.0"}
{"amount":50,"description":"Teste cartão","level":"\u001b[32minfo\u001b[39m","message":"\u001b[32mCreating checkout session with body:\u001b[39m","orderId":"test_card_issue_123","payerEmail":"card@test.com","payerFirstName":"Card","payerLastName":"Test","payerPhone":"11999999999","paymentMethod":"credit_card","resolvedReturnUrl":"http://localhost:3000/subscription?success=true","returnUrl":"http://localhost:3000/subscription?success=true","timestamp":"2026-03-15 00:57:17:5717"}
{"level":"\u001b[32minfo\u001b[39m","message":"\u001b[32mPreferência de pagamento criada\u001b[39m","orderId":"test_card_issue_123","preferenceId":"194511733-e6cf2c90-18b0-4a33-b4ef-454b95fecf71","timestamp":"2026-03-15 00:57:18:5718"}
{"level":"\u001b[32minfo\u001b[39m","message":"\u001b[32mPagamento interno criado para rastreamento\u001b[39m","paymentId":"69b62e1ee477cd1fb51db87b","preferenceId":"194511733-e6cf2c90-18b0-4a33-b4ef-454b95fecf71","timestamp":"2026-03-15 00:57:18:5718"}
{"duration":"690ms","ip":"::1","level":"\u001b[35mhttp\u001b[39m","message":"\u001b[35mHTTP Request\u001b[39m","method":"POST","status":200,"timestamp":"2026-03-15 00:57:18:5718","url":"/checkout","userAgent":"curl/8.18.0"}
{"amount":50,"description":"Debug cartão","level":"\u001b[32minfo\u001b[39m","message":"\u001b[32mCreating checkout session with body:\u001b[39m","orderId":"test_card_debug_123","payerEmail":"debug@test.com","payerFirstName":"Debug","payerLastName":"Test","payerPhone":"11999999999","paymentMethod":"credit_card","resolvedReturnUrl":"http://localhost:3000/subscription?success=true","returnUrl":"http://localhost:3000/subscription?success=true","timestamp":"2026-03-15 01:00:36:036"}
{"level":"\u001b[32minfo\u001b[39m","message":"\u001b[32mPreferência de pagamento criada\u001b[39m","orderId":"test_card_debug_123","preferenceId":"194511733-84cdd7e0-9f86-433e-84d2-155102d71362","timestamp":"2026-03-15 01:00:36:036"}
{"level":"\u001b[32minfo\u001b[39m","message":"\u001b[32mPagamento interno criado para rastreamento\u001b[39m","paymentId":"69b62ee4e477cd1fb51db87d","preferenceId":"194511733-84cdd7e0-9f86-433e-84d2-155102d71362","timestamp":"2026-03-15 01:00:36:036"}
{"duration":"754ms","ip":"::1","level":"\u001b[35mhttp\u001b[39m","message":"\u001b[35mHTTP Request\u001b[39m","method":"POST","status":200,"timestamp":"2026-03-15 01:00:36:036","url":"/checkout","userAgent":"curl/8.18.0"}
{"level":"\u001b[32minfo\u001b[39m","message":"\u001b[32mMercado Pago configurado com sucesso (SDK v2)\u001b[39m","timestamp":"2026-03-15 01:02:06:26"}
{"environment":"development","level":"\u001b[32minfo\u001b[39m","message":"\u001b[32mSORED Backend iniciado\u001b[39m","port":"3001","timestamp":"2026-03-15 01:02:11:211"}
{"level":"\u001b[32minfo\u001b[39m","message":"\u001b[32mMongoDB conectado com sucesso\u001b[39m","timestamp":"2026-03-15 01:02:15:215","uri":"mongodb://localhost:27017/sored"}
{"duration":"10ms","ip":"::ffff:127.0.0.1","level":"\u001b[35mhttp\u001b[39m","message":"\u001b[35mHTTP Request\u001b[39m","method":"GET","status":401,"timestamp":"2026-03-15 01:02:58:258","url":"/status","userAgent":"Mozilla/5.0 (Windows NT 10.0; Win64; x64; rv:148.0) Gecko/20100101 Firefox/148.0"}
{"duration":"3ms","ip":"::ffff:127.0.0.1","level":"\u001b[35mhttp\u001b[39m","message":"\u001b[35mHTTP Request\u001b[39m","method":"GET","status":200,"timestamp":"2026-03-15 01:02:58:258","url":"/plans","userAgent":"Mozilla/5.0 (Windows NT 10.0; Win64; x64; rv:148.0) Gecko/20100101 Firefox/148.0"}
{"duration":"3ms","ip":"::ffff:127.0.0.1","level":"\u001b[35mhttp\u001b[39m","message":"\u001b[35mHTTP Request\u001b[39m","method":"GET","status":304,"timestamp":"2026-03-15 01:02:58:258","url":"/plans","userAgent":"Mozilla/5.0 (Windows NT 10.0; Win64; x64; rv:148.0) Gecko/20100101 Firefox/148.0"}
{"duration":"57ms","ip":"::ffff:127.0.0.1","level":"\u001b[35mhttp\u001b[39m","message":"\u001b[35mHTTP Request\u001b[39m","method":"POST","status":400,"timestamp":"2026-03-15 01:03:16:316","url":"/login","userAgent":"Mozilla/5.0 (Windows NT 10.0; Win64; x64; rv:148.0) Gecko/20100101 Firefox/148.0"}
{"level":"\u001b[32minfo\u001b[39m","message":"\u001b[32mMercado Pago configurado com sucesso (SDK v2)\u001b[39m","timestamp":"2026-03-15 01:05:21:521"}
{"environment":"development","level":"\u001b[32minfo\u001b[39m","message":"\u001b[32mSORED Backend iniciado\u001b[39m","port":"3001","timestamp":"2026-03-15 01:05:23:523"}
{"level":"\u001b[32minfo\u001b[39m","message":"\u001b[32mMongoDB conectado com sucesso\u001b[39m","timestamp":"2026-03-15 01:05:23:523","uri":"mongodb://localhost:27017/sored"}
{"duration":"30ms","ip":"::ffff:127.0.0.1","level":"\u001b[35mhttp\u001b[39m","message":"\u001b[35mHTTP Request\u001b[39m","method":"GET","status":304,"timestamp":"2026-03-15 01:06:39:639","url":"/plans","userAgent":"Mozilla/5.0 (Windows NT 10.0; Win64; x64; rv:148.0) Gecko/20100101 Firefox/148.0"}
{"level":"\u001b[32minfo\u001b[39m","message":"\u001b[32mHealth check hit\u001b[39m","timestamp":"2026-03-15 01:07:19:719"}
{"duration":"10ms","ip":"::1","level":"\u001b[35mhttp\u001b[39m","message":"\u001b[35mHTTP Request\u001b[39m","method":"GET","status":200,"timestamp":"2026-03-15 01:07:19:719","url":"/api/health","userAgent":"curl/8.18.0"}
{"duration":"4ms","ip":"::1","level":"\u001b[35mhttp\u001b[39m","message":"\u001b[35mHTTP Request\u001b[39m","method":"GET","status":200,"timestamp":"2026-03-15 01:07:44:744","url":"/public-key","userAgent":"curl/8.18.0"}
{"amount":50,"description":"Teste pós reinício","level":"\u001b[32minfo\u001b[39m","message":"\u001b[32mCreating checkout session with body:\u001b[39m","orderId":"test_restart_123","payerEmail":"restart@test.com","payerFirstName":"Restart","payerLastName":"Test","payerPhone":"11999999999","paymentMethod":"credit_card","resolvedReturnUrl":"http://localhost:3000/subscription?success=true","returnUrl":"http://localhost:3000/subscription?success=true","timestamp":"2026-03-15 01:08:18:818"}
{"error":"auto_return invalid. back_url.success must be defined","level":"\u001b[31merror\u001b[39m","message":"\u001b[31mErro ao criar preferência de pagamento\u001b[39m","orderId":"test_restart_123","timestamp":"2026-03-15 01:08:18:818"}
{"error":"auto_return invalid. back_url.success must be defined","level":"\u001b[31merror\u001b[39m","message":"\u001b[31mErro ao criar sessão de checkout\u001b[39m","timestamp":"2026-03-15 01:08:18:818"}
{"duration":"676ms","ip":"::1","level":"\u001b[35mhttp\u001b[39m","message":"\u001b[35mHTTP Request\u001b[39m","method":"POST","status":500,"timestamp":"2026-03-15 01:08:18:818","url":"/checkout","userAgent":"curl/8.18.0"}
{"level":"\u001b[32minfo\u001b[39m","message":"\u001b[32mMercado Pago configurado com sucesso (SDK v2)\u001b[39m","timestamp":"2026-03-15 01:09:13:913"}
{"environment":"development","level":"\u001b[32minfo\u001b[39m","message":"\u001b[32mSORED Backend iniciado\u001b[39m","port":"3001","timestamp":"2026-03-15 01:09:15:915"}
{"level":"\u001b[32minfo\u001b[39m","message":"\u001b[32mMongoDB conectado com sucesso\u001b[39m","timestamp":"2026-03-15 01:09:15:915","uri":"mongodb://localhost:27017/sored"}
{"amount":50,"description":"Teste final restart","level":"\u001b[32minfo\u001b[39m","message":"\u001b[32mCreating checkout session with body:\u001b[39m","orderId":"test_final_restart_123","payerEmail":"final@test.com","payerFirstName":"Final","payerLastName":"Test","payerPhone":"11999999999","paymentMethod":"credit_card","resolvedReturnUrl":"http://localhost:3000/subscription?success=true","returnUrl":"http://localhost:3000/subscription?success=true","timestamp":"2026-03-15 01:09:43:943"}
{"level":"\u001b[32minfo\u001b[39m","message":"\u001b[32mPreferência de pagamento criada\u001b[39m","orderId":"test_final_restart_123","preferenceId":"194511733-d1379d21-4098-460e-b118-c60bb400af7b","timestamp":"2026-03-15 01:09:44:944"}
{"level":"\u001b[32minfo\u001b[39m","message":"\u001b[32mPagamento interno criado para rastreamento\u001b[39m","paymentId":"69b63108b4f3a18dfbd9c14e","preferenceId":"194511733-d1379d21-4098-460e-b118-c60bb400af7b","timestamp":"2026-03-15 01:09:45:945"}
{"duration":"1343ms","ip":"::1","level":"\u001b[35mhttp\u001b[39m","message":"\u001b[35mHTTP Request\u001b[39m","method":"POST","status":200,"timestamp":"2026-03-15 01:09:45:945","url":"/checkout","userAgent":"curl/8.18.0"}
{"level":"\u001b[32minfo\u001b[39m","message":"\u001b[32mIniciando criação de pagamento PIX\u001b[39m","timestamp":"2026-03-15 01:09:58:958"}
{"amount":25,"level":"\u001b[32minfo\u001b[39m","message":"\u001b[32mDados do pagamento PIX\u001b[39m","orderId":"test_pix_restart_123","payerEmail":"pix@test.com","timestamp":"2026-03-15 01:09:58:958"}
{"level":"\u001b[32minfo\u001b[39m","message":"\u001b[32mPagamento PIX criado\u001b[39m","orderId":"test_pix_restart_123","paymentId":150431039476,"timestamp":"2026-03-15 01:10:00:100"}
{"level":"\u001b[32minfo\u001b[39m","message":"\u001b[32mPagamento PIX criado com sucesso\u001b[39m","paymentId":150431039476,"timestamp":"2026-03-15 01:10:00:100"}
{"level":"\u001b[32minfo\u001b[39m","message":"\u001b[32mPagamento interno criado para rastreamento\u001b[39m","paymentId":"69b63118b4f3a18dfbd9c150","preferenceId":"150431039476","timestamp":"2026-03-15 01:10:00:100"}
{"level":"\u001b[32minfo\u001b[39m","message":"\u001b[32mPagamento interno criado\u001b[39m","paymentId":"69b63118b4f3a18dfbd9c150","timestamp":"2026-03-15 01:10:00:100"}
{"isTest":false,"level":"\u001b[32minfo\u001b[39m","message":"\u001b[32mPagamento PIX processado com sucesso\u001b[39m","paymentId":150431039476,"status":"pending","timestamp":"2026-03-15 01:10:00:100"}
{"dateOfExpiration":"2026-03-16T00:09:59.589-04:00","level":"\u001b[32minfo\u001b[39m","message":"\u001b[32mEnviando resposta PIX\u001b[39m","paymentId":150431039476,"status":"pending","timestamp":"2026-03-15 01:10:00:100","transactionAmount":25}
{"duration":"1145ms","ip":"::1","level":"\u001b[35mhttp\u001b[39m","message":"\u001b[35mHTTP Request\u001b[39m","method":"POST","status":200,"timestamp":"2026-03-15 01:10:00:100","url":"/pix/create","userAgent":"curl/8.18.0"}
{"duration":"4ms","ip":"::ffff:127.0.0.1","level":"\u001b[35mhttp\u001b[39m","message":"\u001b[35mHTTP Request\u001b[39m","method":"GET","status":304,"timestamp":"2026-03-15 01:10:26:1026","url":"/plans","userAgent":"Mozilla/5.0 (Windows NT 10.0; Win64; x64; rv:148.0) Gecko/20100101 Firefox/148.0"}
{"duration":"3ms","ip":"::ffff:127.0.0.1","level":"\u001b[35mhttp\u001b[39m","message":"\u001b[35mHTTP Request\u001b[39m","method":"GET","status":304,"timestamp":"2026-03-15 01:11:08:118","url":"/plans","userAgent":"Mozilla/5.0 (Windows NT 10.0; Win64; x64; rv:148.0) Gecko/20100101 Firefox/148.0"}
{"duration":"3ms","ip":"::ffff:127.0.0.1","level":"\u001b[35mhttp\u001b[39m","message":"\u001b[35mHTTP Request\u001b[39m","method":"GET","status":304,"timestamp":"2026-03-15 01:13:35:1335","url":"/plans","userAgent":"Mozilla/5.0 (Windows NT 10.0; Win64; x64; rv:148.0) Gecko/20100101 Firefox/148.0"}
{"duration":"24ms","ip":"::ffff:127.0.0.1","level":"\u001b[35mhttp\u001b[39m","message":"\u001b[35mHTTP Request\u001b[39m","method":"GET","status":304,"timestamp":"2026-03-15 01:13:43:1343","url":"/plans","userAgent":"Mozilla/5.0 (Windows NT 10.0; Win64; x64; rv:148.0) Gecko/20100101 Firefox/148.0"}
{"duration":"2ms","ip":"::ffff:127.0.0.1","level":"\u001b[35mhttp\u001b[39m","message":"\u001b[35mHTTP Request\u001b[39m","method":"GET","status":304,"timestamp":"2026-03-15 01:13:59:1359","url":"/plans","userAgent":"Mozilla/5.0 (Windows NT 10.0; Win64; x64; rv:148.0) Gecko/20100101 Firefox/148.0"}
{"duration":"1ms","ip":"::ffff:127.0.0.1","level":"\u001b[35mhttp\u001b[39m","message":"\u001b[35mHTTP Request\u001b[39m","method":"GET","status":304,"timestamp":"2026-03-15 01:14:15:1415","url":"/plans","userAgent":"Mozilla/5.0 (Windows NT 10.0; Win64; x64; rv:148.0) Gecko/20100101 Firefox/148.0"}
{"duration":"4ms","ip":"::ffff:127.0.0.1","level":"\u001b[35mhttp\u001b[39m","message":"\u001b[35mHTTP Request\u001b[39m","method":"GET","status":304,"timestamp":"2026-03-15 01:15:05:155","url":"/plans","userAgent":"Mozilla/5.0 (Windows NT 10.0; Win64; x64; rv:148.0) Gecko/20100101 Firefox/148.0"}
{"duration":"2ms","ip":"::ffff:127.0.0.1","level":"\u001b[35mhttp\u001b[39m","message":"\u001b[35mHTTP Request\u001b[39m","method":"GET","status":304,"timestamp":"2026-03-15 01:15:12:1512","url":"/plans","userAgent":"Mozilla/5.0 (Windows NT 10.0; Win64; x64; rv:148.0) Gecko/20100101 Firefox/148.0"}
{"duration":"16ms","ip":"::ffff:127.0.0.1","level":"\u001b[35mhttp\u001b[39m","message":"\u001b[35mHTTP Request\u001b[39m","method":"GET","status":304,"timestamp":"2026-03-15 01:16:03:163","url":"/public-key","userAgent":"Mozilla/5.0 (Windows NT 10.0; Win64; x64; rv:148.0) Gecko/20100101 Firefox/148.0"}
{"duration":"3ms","ip":"::ffff:127.0.0.1","level":"\u001b[35mhttp\u001b[39m","message":"\u001b[35mHTTP Request\u001b[39m","method":"GET","status":304,"timestamp":"2026-03-15 01:16:03:163","url":"/public-key","userAgent":"Mozilla/5.0 (Windows NT 10.0; Win64; x64; rv:148.0) Gecko/20100101 Firefox/148.0"}
{"amount":100,"description":"Plano Mensal - month","level":"\u001b[32minfo\u001b[39m","message":"\u001b[32mCreating checkout session with body:\u001b[39m","orderId":"plan_monthly_1773548199017","payerEmail":"gilmar40dutra@gmail.com","payerFirstName":"gilmar","payerLastName":"dutra","payerPhone":"54996767613","paymentMethod":"credit_card","resolvedReturnUrl":"http://localhost:3000/subscription?success=true","returnUrl":"http://localhost:3000/subscription?success=true","timestamp":"2026-03-15 01:16:39:1639"}
{"level":"\u001b[32minfo\u001b[39m","message":"\u001b[32mPreferência de pagamento criada\u001b[39m","orderId":"plan_monthly_1773548199017","preferenceId":"194511733-4dcae8e8-c94a-46b1-a267-67043f926df9","timestamp":"2026-03-15 01:16:39:1639"}
{"level":"\u001b[32minfo\u001b[39m","message":"\u001b[32mPagamento interno criado para rastreamento\u001b[39m","paymentId":"69b632a7b4f3a18dfbd9c152","preferenceId":"194511733-4dcae8e8-c94a-46b1-a267-67043f926df9","timestamp":"2026-03-15 01:16:39:1639"}
{"duration":"895ms","ip":"::ffff:127.0.0.1","level":"\u001b[35mhttp\u001b[39m","message":"\u001b[35mHTTP Request\u001b[39m","method":"POST","status":200,"timestamp":"2026-03-15 01:16:39:1639","url":"/checkout","userAgent":"Mozilla/5.0 (Windows NT 10.0; Win64; x64; rv:148.0) Gecko/20100101 Firefox/148.0"}
{"level":"\u001b[32minfo\u001b[39m","message":"\u001b[32mMercado Pago configurado com sucesso (SDK v2)\u001b[39m","timestamp":"2026-03-15 15:46:29:4629"}
{"environment":"development","level":"\u001b[32minfo\u001b[39m","message":"\u001b[32mSORED Backend iniciado\u001b[39m","port":"3001","timestamp":"2026-03-15 15:46:29:4629"}
{"level":"\u001b[32minfo\u001b[39m","message":"\u001b[32mMongoDB conectado com sucesso\u001b[39m","timestamp":"2026-03-15 15:46:29:4629","uri":"mongodb://localhost:27017/sored"}
{"duration":"13ms","ip":"::ffff:127.0.0.1","level":"\u001b[35mhttp\u001b[39m","message":"\u001b[35mHTTP Request\u001b[39m","method":"GET","status":304,"timestamp":"2026-03-15 16:10:23:1023","url":"/plans","userAgent":"Mozilla/5.0 (Windows NT 10.0; Win64; x64; rv:148.0) Gecko/20100101 Firefox/148.0"}
{"duration":"2ms","ip":"::ffff:127.0.0.1","level":"\u001b[35mhttp\u001b[39m","message":"\u001b[35mHTTP Request\u001b[39m","method":"GET","status":304,"timestamp":"2026-03-15 16:10:27:1027","url":"/public-key","userAgent":"Mozilla/5.0 (Windows NT 10.0; Win64; x64; rv:148.0) Gecko/20100101 Firefox/148.0"}
{"duration":"1ms","ip":"::ffff:127.0.0.1","level":"\u001b[35mhttp\u001b[39m","message":"\u001b[35mHTTP Request\u001b[39m","method":"GET","status":304,"timestamp":"2026-03-15 16:10:27:1027","url":"/public-key","userAgent":"Mozilla/5.0 (Windows NT 10.0; Win64; x64; rv:148.0) Gecko/20100101 Firefox/148.0"}
{"amount":100,"description":"Plano Mensal - month","level":"\u001b[32minfo\u001b[39m","message":"\u001b[32mCreating checkout session with body:\u001b[39m","orderId":"plan_monthly_1773601855487","payerEmail":"gilmar40dutra@gmail.com","payerFirstName":"gilmar","payerLastName":"dutra","payerPhone":"54996767613","paymentMethod":"credit_card","resolvedReturnUrl":"http://localhost:3000/subscription?success=true","returnUrl":"http://localhost:3000/subscription?success=true","timestamp":"2026-03-15 16:10:55:1055"}
{"level":"\u001b[32minfo\u001b[39m","message":"\u001b[32mPreferência de pagamento criada\u001b[39m","orderId":"plan_monthly_1773601855487","preferenceId":"194511733-2c45691a-08fe-4b88-939b-f2ce8980ccab","timestamp":"2026-03-15 16:10:56:1056"}
{"level":"\u001b[32minfo\u001b[39m","message":"\u001b[32mPagamento interno criado para rastreamento\u001b[39m","paymentId":"69b70440406cc8ff86d3547d","preferenceId":"194511733-2c45691a-08fe-4b88-939b-f2ce8980ccab","timestamp":"2026-03-15 16:10:56:1056"}
{"duration":"781ms","ip":"::ffff:127.0.0.1","level":"\u001b[35mhttp\u001b[39m","message":"\u001b[35mHTTP Request\u001b[39m","method":"POST","status":200,"timestamp":"2026-03-15 16:10:56:1056","url":"/checkout","userAgent":"Mozilla/5.0 (Windows NT 10.0; Win64; x64; rv:148.0) Gecko/20100101 Firefox/148.0"}
{"level":"\u001b[32minfo\u001b[39m","message":"\u001b[32mMongoDB desconectado\u001b[39m","timestamp":"2026-03-15 16:11:30:1130"}
{"level":"\u001b[32minfo\u001b[39m","message":"\u001b[32mMercado Pago configurado com sucesso (SDK v2)\u001b[39m","timestamp":"2026-03-15 17:11:59:1159"}
{"environment":"development","level":"\u001b[32minfo\u001b[39m","message":"\u001b[32mSORED Backend iniciado\u001b[39m","port":"3001","timestamp":"2026-03-15 17:12:00:120"}
{"level":"\u001b[32minfo\u001b[39m","message":"\u001b[32mMongoDB conectado com sucesso\u001b[39m","timestamp":"2026-03-15 17:12:00:120","uri":"mongodb://localhost:27017/sored"}
{"level":"\u001b[32minfo\u001b[39m","message":"\u001b[32mHealth check hit\u001b[39m","timestamp":"2026-03-15 17:12:59:1259"}
{"duration":"21ms","ip":"::1","level":"\u001b[35mhttp\u001b[39m","message":"\u001b[35mHTTP Request\u001b[39m","method":"GET","status":200,"timestamp":"2026-03-15 17:12:59:1259","url":"/api/health","userAgent":"curl/8.18.0"}
{"duration":"3ms","ip":"::1","level":"\u001b[35mhttp\u001b[39m","message":"\u001b[35mHTTP Request\u001b[39m","method":"GET","status":200,"timestamp":"2026-03-15 17:13:10:1310","url":"/public-key","userAgent":"curl/8.18.0"}
{"amount":50,"description":"Teste inicialização","level":"\u001b[32minfo\u001b[39m","message":"\u001b[32mCreating checkout session with body:\u001b[39m","orderId":"test_startup_123","payerEmail":"startup@test.com","payerFirstName":"Startup","payerLastName":"Test","payerPhone":"11999999999","paymentMethod":"credit_card","resolvedReturnUrl":"http://localhost:3000/subscription?success=true","returnUrl":"http://localhost:3000/subscription?success=true","timestamp":"2026-03-15 17:13:19:1319"}
{"error":"auto_return invalid. back_url.success must be defined","level":"\u001b[31merror\u001b[39m","message":"\u001b[31mErro ao criar preferência de pagamento\u001b[39m","orderId":"test_startup_123","timestamp":"2026-03-15 17:13:19:1319"}
{"error":"auto_return invalid. back_url.success must be defined","level":"\u001b[31merror\u001b[39m","message":"\u001b[31mErro ao criar sessão de checkout\u001b[39m","timestamp":"2026-03-15 17:13:19:1319"}
{"duration":"512ms","ip":"::1","level":"\u001b[35mhttp\u001b[39m","message":"\u001b[35mHTTP Request\u001b[39m","method":"POST","status":500,"timestamp":"2026-03-15 17:13:19:1319","url":"/checkout","userAgent":"curl/8.18.0"}
{"level":"\u001b[32minfo\u001b[39m","message":"\u001b[32mMercado Pago configurado com sucesso (SDK v2)\u001b[39m","timestamp":"2026-03-15 17:14:03:143"}
{"environment":"development","level":"\u001b[32minfo\u001b[39m","message":"\u001b[32mSORED Backend iniciado\u001b[39m","port":"3001","timestamp":"2026-03-15 17:14:04:144"}
{"level":"\u001b[32minfo\u001b[39m","message":"\u001b[32mMongoDB conectado com sucesso\u001b[39m","timestamp":"2026-03-15 17:14:04:144","uri":"mongodb://localhost:27017/sored"}
{"amount":50,"description":"Teste final","level":"\u001b[32minfo\u001b[39m","message":"\u001b[32mCreating checkout session with body:\u001b[39m","orderId":"test_final_startup_123","payerEmail":"final@test.com","payerFirstName":"Final","payerLastName":"Test","payerPhone":"11999999999","paymentMethod":"credit_card","resolvedReturnUrl":"http://localhost:3000/subscription?success=true","returnUrl":"http://localhost:3000/subscription?success=true","timestamp":"2026-03-15 17:14:15:1415"}
{"error":"invalid default_payment_method_id. The default payment method is excluded","level":"\u001b[31merror\u001b[39m","message":"\u001b[31mErro ao criar preferência de pagamento\u001b[39m","orderId":"test_final_startup_123","timestamp":"2026-03-15 17:14:17:1417"}
{"error":"invalid default_payment_method_id. The default payment method is excluded","level":"\u001b[31merror\u001b[39m","message":"\u001b[31mErro ao criar sessão de checkout\u001b[39m","timestamp":"2026-03-15 17:14:17:1417"}
{"duration":"1956ms","ip":"::1","level":"\u001b[35mhttp\u001b[39m","message":"\u001b[35mHTTP Request\u001b[39m","method":"POST","status":500,"timestamp":"2026-03-15 17:14:17:1417","url":"/checkout","userAgent":"curl/8.18.0"}
{"level":"\u001b[32minfo\u001b[39m","message":"\u001b[32mMercado Pago configurado com sucesso (SDK v2)\u001b[39m","timestamp":"2026-03-15 17:14:55:1455"}
{"environment":"development","level":"\u001b[32minfo\u001b[39m","message":"\u001b[32mSORED Backend iniciado\u001b[39m","port":"3001","timestamp":"2026-03-15 17:14:56:1456"}
{"level":"\u001b[32minfo\u001b[39m","message":"\u001b[32mMongoDB conectado com sucesso\u001b[39m","timestamp":"2026-03-15 17:14:56:1456","uri":"mongodb://localhost:27017/sored"}
{"amount":50,"description":"Teste sucesso","level":"\u001b[32minfo\u001b[39m","message":"\u001b[32mCreating checkout session with body:\u001b[39m","orderId":"test_success_startup_123","payerEmail":"success@test.com","payerFirstName":"Success","payerLastName":"Test","payerPhone":"11999999999","paymentMethod":"credit_card","resolvedReturnUrl":"http://localhost:3000/subscription?success=true","returnUrl":"http://localhost:3000/subscription?success=true","timestamp":"2026-03-15 17:15:08:158"}
{"level":"\u001b[32minfo\u001b[39m","message":"\u001b[32mPreferência de pagamento criada\u001b[39m","orderId":"test_success_startup_123","preferenceId":"194511733-bad7a2be-04b0-43bb-88fb-521ab76d342d","timestamp":"2026-03-15 17:15:08:158"}
{"level":"\u001b[32minfo\u001b[39m","message":"\u001b[32mPagamento interno criado para rastreamento\u001b[39m","paymentId":"69b7134cc1172fb78e2a0ec5","preferenceId":"194511733-bad7a2be-04b0-43bb-88fb-521ab76d342d","timestamp":"2026-03-15 17:15:09:159"}
{"duration":"1308ms","ip":"::1","level":"\u001b[35mhttp\u001b[39m","message":"\u001b[35mHTTP Request\u001b[39m","method":"POST","status":200,"timestamp":"2026-03-15 17:15:09:159","url":"/checkout","userAgent":"curl/8.18.0"}
{"level":"\u001b[32minfo\u001b[39m","message":"\u001b[32mIniciando criação de pagamento PIX\u001b[39m","timestamp":"2026-03-15 17:15:16:1516"}
{"amount":25,"level":"\u001b[32minfo\u001b[39m","message":"\u001b[32mDados do pagamento PIX\u001b[39m","orderId":"test_pix_startup_123","payerEmail":"pix@test.com","timestamp":"2026-03-15 17:15:16:1516"}
{"level":"\u001b[32minfo\u001b[39m","message":"\u001b[32mPagamento PIX criado\u001b[39m","orderId":"test_pix_startup_123","paymentId":149775466311,"timestamp":"2026-03-15 17:15:17:1517"}
{"level":"\u001b[32minfo\u001b[39m","message":"\u001b[32mPagamento PIX criado com sucesso\u001b[39m","paymentId":149775466311,"timestamp":"2026-03-15 17:15:17:1517"}
{"level":"\u001b[32minfo\u001b[39m","message":"\u001b[32mPagamento interno criado para rastreamento\u001b[39m","paymentId":"69b71355c1172fb78e2a0ec7","preferenceId":"149775466311","timestamp":"2026-03-15 17:15:17:1517"}
{"level":"\u001b[32minfo\u001b[39m","message":"\u001b[32mPagamento interno criado\u001b[39m","paymentId":"69b71355c1172fb78e2a0ec7","timestamp":"2026-03-15 17:15:17:1517"}
{"isTest":false,"level":"\u001b[32minfo\u001b[39m","message":"\u001b[32mPagamento PIX processado com sucesso\u001b[39m","paymentId":149775466311,"status":"pending","timestamp":"2026-03-15 17:15:17:1517"}
{"dateOfExpiration":"2026-03-16T16:15:17.225-04:00","level":"\u001b[32minfo\u001b[39m","message":"\u001b[32mEnviando resposta PIX\u001b[39m","paymentId":149775466311,"status":"pending","timestamp":"2026-03-15 17:15:17:1517","transactionAmount":25}
{"duration":"1133ms","ip":"::1","level":"\u001b[35mhttp\u001b[39m","message":"\u001b[35mHTTP Request\u001b[39m","method":"POST","status":200,"timestamp":"2026-03-15 17:15:17:1517","url":"/pix/create","userAgent":"curl/8.18.0"}
{"duration":"2ms","ip":"::1","level":"\u001b[35mhttp\u001b[39m","message":"\u001b[35mHTTP Request\u001b[39m","method":"GET","status":200,"timestamp":"2026-03-15 17:16:13:1613","url":"/public-key","userAgent":"curl/8.18.0"}
{"duration":"5ms","ip":"::1","level":"\u001b[35mhttp\u001b[39m","message":"\u001b[35mHTTP Request\u001b[39m","method":"GET","status":404,"timestamp":"2026-03-15 17:17:46:1746","url":"/api/api/payments/public-key","userAgent":"node"}
{"duration":"2ms","ip":"::1","level":"\u001b[35mhttp\u001b[39m","message":"\u001b[35mHTTP Request\u001b[39m","method":"GET","status":200,"timestamp":"2026-03-15 17:18:18:1818","url":"/public-key","userAgent":"node"}
{"amount":50,"description":"Teste frontend","level":"\u001b[32minfo\u001b[39m","message":"\u001b[32mCreating checkout session with body:\u001b[39m","orderId":"test_frontend_123","payerEmail":"frontend@test.com","payerFirstName":"Frontend","payerLastName":"Test","payerPhone":"11999999999","paymentMethod":"credit_card","resolvedReturnUrl":"http://localhost:3000/subscription?success=true","returnUrl":"http://localhost:3000/subscription?success=true","timestamp":"2026-03-15 17:18:53:1853"}
{"level":"\u001b[32minfo\u001b[39m","message":"\u001b[32mPreferência de pagamento criada\u001b[39m","orderId":"test_frontend_123","preferenceId":"194511733-1c60b8e9-aea9-4024-b618-5d504e13c906","timestamp":"2026-03-15 17:18:54:1854"}
{"level":"\u001b[32minfo\u001b[39m","message":"\u001b[32mPagamento interno criado para rastreamento\u001b[39m","paymentId":"69b7142ec1172fb78e2a0ec9","preferenceId":"194511733-1c60b8e9-aea9-4024-b618-5d504e13c906","timestamp":"2026-03-15 17:18:54:1854"}
{"duration":"659ms","ip":"::1","level":"\u001b[35mhttp\u001b[39m","message":"\u001b[35mHTTP Request\u001b[39m","method":"POST","status":200,"timestamp":"2026-03-15 17:18:54:1854","url":"/checkout","userAgent":"node"}
{"level":"\u001b[32minfo\u001b[39m","message":"\u001b[32mIniciando criação de pagamento PIX\u001b[39m","timestamp":"2026-03-15 17:19:03:193"}
{"amount":25,"level":"\u001b[32minfo\u001b[39m","message":"\u001b[32mDados do pagamento PIX\u001b[39m","orderId":"test_pix_frontend_123","payerEmail":"pixfrontend@test.com","timestamp":"2026-03-15 17:19:03:193"}
{"level":"\u001b[32minfo\u001b[39m","message":"\u001b[32mPagamento PIX criado\u001b[39m","orderId":"test_pix_frontend_123","paymentId":149775792353,"timestamp":"2026-03-15 17:19:04:194"}
{"level":"\u001b[32minfo\u001b[39m","message":"\u001b[32mPagamento PIX criado com sucesso\u001b[39m","paymentId":149775792353,"timestamp":"2026-03-15 17:19:04:194"}
{"level":"\u001b[32minfo\u001b[39m","message":"\u001b[32mPagamento interno criado para rastreamento\u001b[39m","paymentId":"69b71438c1172fb78e2a0ecb","preferenceId":"149775792353","timestamp":"2026-03-15 17:19:04:194"}
{"level":"\u001b[32minfo\u001b[39m","message":"\u001b[32mPagamento interno criado\u001b[39m","paymentId":"69b71438c1172fb78e2a0ecb","timestamp":"2026-03-15 17:19:04:194"}
{"isTest":false,"level":"\u001b[32minfo\u001b[39m","message":"\u001b[32mPagamento PIX processado com sucesso\u001b[39m","paymentId":149775792353,"status":"pending","timestamp":"2026-03-15 17:19:04:194"}
{"dateOfExpiration":"2026-03-16T16:19:03.703-04:00","level":"\u001b[32minfo\u001b[39m","message":"\u001b[32mEnviando resposta PIX\u001b[39m","paymentId":149775792353,"status":"pending","timestamp":"2026-03-15 17:19:04:194","transactionAmount":25}
{"duration":"1317ms","ip":"::1","level":"\u001b[35mhttp\u001b[39m","message":"\u001b[35mHTTP Request\u001b[39m","method":"POST","status":200,"timestamp":"2026-03-15 17:19:04:194","url":"/pix/create","userAgent":"node"}
{"duration":"2ms","ip":"::1","level":"\u001b[35mhttp\u001b[39m","message":"\u001b[35mHTTP Request\u001b[39m","method":"GET","status":200,"timestamp":"2026-03-15 17:24:44:2444","url":"/public-key","userAgent":"node"}
{"duration":"1ms","ip":"::1","level":"\u001b[35mhttp\u001b[39m","message":"\u001b[35mHTTP Request\u001b[39m","method":"GET","status":200,"timestamp":"2026-03-15 17:24:44:2444","url":"/public-key","userAgent":"node"}
{"amount":100,"description":"Plano Mensal - month","level":"\u001b[32minfo\u001b[39m","message":"\u001b[32mCreating checkout session with body:\u001b[39m","orderId":"plan_monthly_1773606321337","payerEmail":"gilmar40dutra@gmail.com","payerFirstName":"gilmar","payerLastName":"dutra","payerPhone":"54996767613","paymentMethod":"credit_card","resolvedReturnUrl":"http://localhost:3000/subscription?success=true","returnUrl":"http://localhost:3000/subscription?success=true","timestamp":"2026-03-15 17:25:21:2521"}
{"level":"\u001b[32minfo\u001b[39m","message":"\u001b[32mPreferência de pagamento criada\u001b[39m","orderId":"plan_monthly_1773606321337","preferenceId":"194511733-cd934d4e-0a86-4b4b-9fac-c8844bdcee59","timestamp":"2026-03-15 17:25:22:2522"}
{"level":"\u001b[32minfo\u001b[39m","message":"\u001b[32mPagamento interno criado para rastreamento\u001b[39m","paymentId":"69b715b2c1172fb78e2a0ecd","preferenceId":"194511733-cd934d4e-0a86-4b4b-9fac-c8844bdcee59","timestamp":"2026-03-15 17:25:22:2522"}
{"duration":"638ms","ip":"::1","level":"\u001b[35mhttp\u001b[39m","message":"\u001b[35mHTTP Request\u001b[39m","method":"POST","status":200,"timestamp":"2026-03-15 17:25:22:2522","url":"/checkout","userAgent":"node"}
{"amount":50,"description":"Teste produção","level":"\u001b[32minfo\u001b[39m","message":"\u001b[32mCreating checkout session with body:\u001b[39m","orderId":"test_production_123","payerEmail":"production@test.com","payerFirstName":"Production","payerLastName":"Test","payerPhone":"11999999999","paymentMethod":"credit_card","resolvedReturnUrl":"https://example.com/success","returnUrl":"https://example.com/success","timestamp":"2026-03-15 17:27:47:2747"}
{"level":"\u001b[32minfo\u001b[39m","message":"\u001b[32mPreferência de pagamento criada\u001b[39m","orderId":"test_production_123","preferenceId":"194511733-e18fe00f-f78d-4487-8313-97d9ff6ddb31","timestamp":"2026-03-15 17:27:47:2747"}
{"level":"\u001b[32minfo\u001b[39m","message":"\u001b[32mPagamento interno criado para rastreamento\u001b[39m","paymentId":"69b71643c1172fb78e2a0ecf","preferenceId":"194511733-e18fe00f-f78d-4487-8313-97d9ff6ddb31","timestamp":"2026-03-15 17:27:47:2747"}
{"duration":"712ms","ip":"::1","level":"\u001b[35mhttp\u001b[39m","message":"\u001b[35mHTTP Request\u001b[39m","method":"POST","status":200,"timestamp":"2026-03-15 17:27:47:2747","url":"/checkout","userAgent":"curl/8.18.0"}
{"environment":"development","isSandbox":true,"level":"\u001b[32minfo\u001b[39m","message":"\u001b[32mMercado Pago configurado com sucesso (SDK v2)\u001b[39m","timestamp":"2026-03-15 17:31:46:3146"}
{"environment":"development","level":"\u001b[32minfo\u001b[39m","message":"\u001b[32mSORED Backend iniciado\u001b[39m","port":"3001","timestamp":"2026-03-15 17:31:46:3146"}
{"level":"\u001b[32minfo\u001b[39m","message":"\u001b[32mMongoDB conectado com sucesso\u001b[39m","timestamp":"2026-03-15 17:31:46:3146","uri":"mongodb://localhost:27017/sored"}
{"environment":"development","isSandbox":true,"level":"\u001b[32minfo\u001b[39m","message":"\u001b[32mMercado Pago configurado com sucesso (SDK v2)\u001b[39m","timestamp":"2026-03-15 17:32:07:327"}
{"environment":"development","level":"\u001b[32minfo\u001b[39m","message":"\u001b[32mSORED Backend iniciado\u001b[39m","port":"3001","timestamp":"2026-03-15 17:32:08:328"}
{"level":"\u001b[32minfo\u001b[39m","message":"\u001b[32mMongoDB conectado com sucesso\u001b[39m","timestamp":"2026-03-15 17:32:08:328","uri":"mongodb://localhost:27017/sored"}
{"environment":"development","isSandbox":true,"level":"\u001b[32minfo\u001b[39m","message":"\u001b[32mMercado Pago configurado com sucesso (SDK v2)\u001b[39m","timestamp":"2026-03-15 17:32:21:3221"}
{"environment":"development","level":"\u001b[32minfo\u001b[39m","message":"\u001b[32mSORED Backend iniciado\u001b[39m","port":"3001","timestamp":"2026-03-15 17:32:21:3221"}
{"level":"\u001b[32minfo\u001b[39m","message":"\u001b[32mMongoDB conectado com sucesso\u001b[39m","timestamp":"2026-03-15 17:32:21:3221","uri":"mongodb://localhost:27017/sored"}
{"amount":50,"description":"Teste sandbox","level":"\u001b[32minfo\u001b[39m","message":"\u001b[32mCreating checkout session with body:\u001b[39m","orderId":"test_sandbox_123","payerEmail":"sandbox@test.com","payerFirstName":"Sandbox","payerLastName":"Test","payerPhone":"11999999999","paymentMethod":"credit_card","resolvedReturnUrl":"http://localhost:3000/subscription?success=true","returnUrl":"http://localhost:3000/subscription?success=true","timestamp":"2026-03-15 17:32:27:3227"}
{"error":"At least one policy returned UNAUTHORIZED.","level":"\u001b[31merror\u001b[39m","message":"\u001b[31mErro ao criar preferência de pagamento\u001b[39m","orderId":"test_sandbox_123","timestamp":"2026-03-15 17:32:27:3227"}
{"error":"At least one policy returned UNAUTHORIZED.","level":"\u001b[31merror\u001b[39m","message":"\u001b[31mErro ao criar sessão de checkout\u001b[39m","timestamp":"2026-03-15 17:32:27:3227"}
{"duration":"482ms","ip":"::1","level":"\u001b[35mhttp\u001b[39m","message":"\u001b[35mHTTP Request\u001b[39m","method":"POST","status":500,"timestamp":"2026-03-15 17:32:27:3227","url":"/checkout","userAgent":"curl/8.18.0"}
{"environment":"development","isSandbox":false,"level":"\u001b[32minfo\u001b[39m","message":"\u001b[32mMercado Pago configurado com sucesso (SDK v2)\u001b[39m","timestamp":"2026-03-15 17:32:52:3252"}
{"environment":"development","level":"\u001b[32minfo\u001b[39m","message":"\u001b[32mSORED Backend iniciado\u001b[39m","port":"3001","timestamp":"2026-03-15 17:32:53:3253"}
{"level":"\u001b[32minfo\u001b[39m","message":"\u001b[32mMongoDB conectado com sucesso\u001b[39m","timestamp":"2026-03-15 17:32:53:3253","uri":"mongodb://localhost:27017/sored"}
{"environment":"development","isSandbox":false,"level":"\u001b[32minfo\u001b[39m","message":"\u001b[32mMercado Pago configurado com sucesso (SDK v2)\u001b[39m","timestamp":"2026-03-15 17:33:06:336"}
{"environment":"development","level":"\u001b[32minfo\u001b[39m","message":"\u001b[32mSORED Backend iniciado\u001b[39m","port":"3001","timestamp":"2026-03-15 17:33:07:337"}
{"level":"\u001b[32minfo\u001b[39m","message":"\u001b[32mMongoDB conectado com sucesso\u001b[39m","timestamp":"2026-03-15 17:33:07:337","uri":"mongodb://localhost:27017/sored"}
{"environment":"development","isSandbox":false,"level":"\u001b[32minfo\u001b[39m","message":"\u001b[32mMercado Pago configurado com sucesso (SDK v2)\u001b[39m","timestamp":"2026-03-15 17:33:48:3348"}
{"environment":"development","level":"\u001b[32minfo\u001b[39m","message":"\u001b[32mSORED Backend iniciado\u001b[39m","port":"3001","timestamp":"2026-03-15 17:33:49:3349"}
{"level":"\u001b[32minfo\u001b[39m","message":"\u001b[32mMongoDB conectado com sucesso\u001b[39m","timestamp":"2026-03-15 17:33:49:3349","uri":"mongodb://localhost:27017/sored"}
{"amount":50,"description":"Teste fallback funcionando","level":"\u001b[32minfo\u001b[39m","message":"\u001b[32mCreating checkout session with body:\u001b[39m","orderId":"test_working_fallback_123","payerEmail":"working@test.com","payerFirstName":"Working","payerLastName":"Test","payerPhone":"11999999999","paymentMethod":"credit_card","resolvedReturnUrl":"http://localhost:3000/subscription?success=true","returnUrl":"http://localhost:3000/subscription?success=true","timestamp":"2026-03-15 17:33:59:3359"}
{"level":"\u001b[32minfo\u001b[39m","message":"\u001b[32mPreferência de pagamento criada\u001b[39m","orderId":"test_working_fallback_123","preferenceId":"194511733-458d9886-648b-44cf-8977-87ce8eeecd3c","timestamp":"2026-03-15 17:33:59:3359"}
{"level":"\u001b[32minfo\u001b[39m","message":"\u001b[32mPagamento interno criado para rastreamento\u001b[39m","paymentId":"69b717b794019c7c823ab444","preferenceId":"194511733-458d9886-648b-44cf-8977-87ce8eeecd3c","timestamp":"2026-03-15 17:33:59:3359"}
{"duration":"696ms","ip":"::1","level":"\u001b[35mhttp\u001b[39m","message":"\u001b[35mHTTP Request\u001b[39m","method":"POST","status":200,"timestamp":"2026-03-15 17:33:59:3359","url":"/checkout","userAgent":"curl/8.18.0"}
{"level":"\u001b[33mwarn\u001b[39m","message":"\u001b[33mUsando modo simulado para desenvolvimento - Mercado Pago API não será chamada\u001b[39m","timestamp":"2026-03-15 17:34:34:3434"}
{"environment":"development","isSandbox":false,"isSimulated":true,"level":"\u001b[32minfo\u001b[39m","message":"\u001b[32mMercado Pago configurado com sucesso (SDK v2)\u001b[39m","timestamp":"2026-03-15 17:34:34:3434"}
{"environment":"development","level":"\u001b[32minfo\u001b[39m","message":"\u001b[32mSORED Backend iniciado\u001b[39m","port":"3001","timestamp":"2026-03-15 17:34:35:3435"}
{"level":"\u001b[32minfo\u001b[39m","message":"\u001b[32mMongoDB conectado com sucesso\u001b[39m","timestamp":"2026-03-15 17:34:35:3435","uri":"mongodb://localhost:27017/sored"}
{"level":"\u001b[33mwarn\u001b[39m","message":"\u001b[33mUsando modo simulado para desenvolvimento - Mercado Pago API não será chamada\u001b[39m","timestamp":"2026-03-15 17:34:53:3453"}
{"environment":"development","isSandbox":false,"isSimulated":true,"level":"\u001b[32minfo\u001b[39m","message":"\u001b[32mMercado Pago configurado com sucesso (SDK v2)\u001b[39m","timestamp":"2026-03-15 17:34:53:3453"}
{"environment":"development","level":"\u001b[32minfo\u001b[39m","message":"\u001b[32mSORED Backend iniciado\u001b[39m","port":"3001","timestamp":"2026-03-15 17:34:53:3453"}
{"level":"\u001b[32minfo\u001b[39m","message":"\u001b[32mMongoDB conectado com sucesso\u001b[39m","timestamp":"2026-03-15 17:34:53:3453","uri":"mongodb://localhost:27017/sored"}
{"amount":50,"description":"Teste modo simulado","level":"\u001b[32minfo\u001b[39m","message":"\u001b[32mCreating checkout session with body:\u001b[39m","orderId":"test_simulated_123","payerEmail":"simulated@test.com","payerFirstName":"Simulated","payerLastName":"Test","payerPhone":"11999999999","paymentMethod":"credit_card","resolvedReturnUrl":"http://localhost:3000/subscription?success=true","returnUrl":"http://localhost:3000/subscription?success=true","timestamp":"2026-03-15 17:34:54:3454"}
{"duration":"9ms","ip":"::1","level":"\u001b[35mhttp\u001b[39m","message":"\u001b[35mHTTP Request\u001b[39m","method":"POST","status":503,"timestamp":"2026-03-15 17:34:54:3454","url":"/checkout","userAgent":"curl/8.18.0"}
{"level":"\u001b[33mwarn\u001b[39m","message":"\u001b[33mUsando modo simulado para desenvolvimento - Mercado Pago API não será chamada\u001b[39m","timestamp":"2026-03-15 17:35:37:3537"}
{"environment":"development","isSandbox":false,"isSimulated":true,"level":"\u001b[32minfo\u001b[39m","message":"\u001b[32mMercado Pago configurado com sucesso (SDK v2)\u001b[39m","timestamp":"2026-03-15 17:35:37:3537"}
{"environment":"development","level":"\u001b[32minfo\u001b[39m","message":"\u001b[32mSORED Backend iniciado\u001b[39m","port":"3001","timestamp":"2026-03-15 17:35:38:3538"}
{"level":"\u001b[32minfo\u001b[39m","message":"\u001b[32mMongoDB conectado com sucesso\u001b[39m","timestamp":"2026-03-15 17:35:38:3538","uri":"mongodb://localhost:27017/sored"}
{"error":"Expected ':' after property name in JSON at position 130 (line 1 column 131)","ip":"::1","level":"\u001b[31merror\u001b[39m","message":"\u001b[31mErro não tratado\u001b[39m","method":"POST","stack":"SyntaxError: Expected ':' after property name in JSON at position 130 (line 1 column 131)\n    at JSON.parse (<anonymous>)\n    at parse (C:\\Users\\gilmar dutra\\Documents\\sored-novo-main\\backend\\node_modules\\body-parser\\lib\\types\\json.js:92:19)\n    at C:\\Users\\gilmar dutra\\Documents\\sored-novo-main\\backend\\node_modules\\body-parser\\lib\\read.js:128:18\n    at AsyncResource.runInAsyncScope (node:async_hooks:214:14)\n    at invokeCallback (C:\\Users\\gilmar dutra\\Documents\\sored-novo-main\\backend\\node_modules\\raw-body\\index.js:238:16)\n    at done (C:\\Users\\gilmar dutra\\Documents\\sored-novo-main\\backend\\node_modules\\raw-body\\index.js:227:7)\n    at IncomingMessage.onEnd (C:\\Users\\gilmar dutra\\Documents\\sored-novo-main\\backend\\node_modules\\raw-body\\index.js:287:7)\n    at IncomingMessage.emit (node:events:519:28)\n    at IncomingMessage.emit (node:domain:489:12)\n    at endReadableNT (node:internal/streams/readable:1698:12)","timestamp":"2026-03-15 17:35:38:3538","url":"/api/payments/checkout"}
{"amount":50,"description":"Teste final simulado","level":"\u001b[32minfo\u001b[39m","message":"\u001b[32mCreating checkout session with body:\u001b[39m","orderId":"test_final_simulated_123","payerEmail":"final@test.com","payerFirstName":"Final","payerLastName":"Test","payerPhone":"11999999999","paymentMethod":"credit_card","resolvedReturnUrl":"http://localhost:3000/subscription?success=true","returnUrl":"http://localhost:3000/subscription?success=true","timestamp":"2026-03-15 17:35:46:3546"}
{"level":"\u001b[32minfo\u001b[39m","message":"\u001b[32mCriando preferência simulada para desenvolvimento\u001b[39m","orderId":"test_final_simulated_123","timestamp":"2026-03-15 17:35:46:3546"}
{"level":"\u001b[32minfo\u001b[39m","message":"\u001b[32mPagamento interno criado para rastreamento\u001b[39m","paymentId":"69b71822d1741cda5ce72ecc","preferenceId":"demo_1773606946293_mxid7psq0","timestamp":"2026-03-15 17:35:46:3546"}
{"duration":"29ms","ip":"::1","level":"\u001b[35mhttp\u001b[39m","message":"\u001b[35mHTTP Request\u001b[39m","method":"POST","status":200,"timestamp":"2026-03-15 17:35:46:3546","url":"/checkout","userAgent":"curl/8.18.0"}
{"duration":"2ms","ip":"::1","level":"\u001b[35mhttp\u001b[39m","message":"\u001b[35mHTTP Request\u001b[39m","method":"GET","status":200,"timestamp":"2026-03-15 17:36:07:367","url":"/public-key","userAgent":"node"}
{"duration":"1ms","ip":"::1","level":"\u001b[35mhttp\u001b[39m","message":"\u001b[35mHTTP Request\u001b[39m","method":"GET","status":200,"timestamp":"2026-03-15 17:36:07:367","url":"/public-key","userAgent":"node"}
{"amount":100,"description":"Plano Mensal - month","level":"\u001b[32minfo\u001b[39m","message":"\u001b[32mCreating checkout session with body:\u001b[39m","orderId":"plan_monthly_1773606999090","payerEmail":"gilmar40dutra@gmail.com","payerFirstName":"gilmar","payerLastName":"dutra","payerPhone":"54996767613","paymentMethod":"credit_card","resolvedReturnUrl":"http://localhost:3000/subscription?success=true","returnUrl":"http://localhost:3000/subscription?success=true","timestamp":"2026-03-15 17:36:39:3639"}
{"level":"\u001b[32minfo\u001b[39m","message":"\u001b[32mCriando preferência simulada para desenvolvimento\u001b[39m","orderId":"plan_monthly_1773606999090","timestamp":"2026-03-15 17:36:39:3639"}
{"level":"\u001b[32minfo\u001b[39m","message":"\u001b[32mPagamento interno criado para rastreamento\u001b[39m","paymentId":"69b71857d1741cda5ce72ece","preferenceId":"demo_1773606999149_ib7dj71mw","timestamp":"2026-03-15 17:36:39:3639"}
{"duration":"15ms","ip":"::1","level":"\u001b[35mhttp\u001b[39m","message":"\u001b[35mHTTP Request\u001b[39m","method":"POST","status":200,"timestamp":"2026-03-15 17:36:39:3639","url":"/checkout","userAgent":"node"}
{"environment":"development","hasCredentials":true,"isSandbox":false,"level":"\u001b[32minfo\u001b[39m","message":"\u001b[32mMercado Pago configurado com sucesso (SDK v2)\u001b[39m","timestamp":"2026-03-15 17:38:28:3828"}
{"environment":"development","level":"\u001b[32minfo\u001b[39m","message":"\u001b[32mSORED Backend iniciado\u001b[39m","port":"3001","timestamp":"2026-03-15 17:38:29:3829"}
{"level":"\u001b[32minfo\u001b[39m","message":"\u001b[32mMongoDB conectado com sucesso\u001b[39m","timestamp":"2026-03-15 17:38:29:3829","uri":"mongodb://localhost:27017/sored"}
{"amount":50,"description":"Teste integração real","level":"\u001b[32minfo\u001b[39m","message":"\u001b[32mCreating checkout session with body:\u001b[39m","orderId":"test_real_integration_123","payerEmail":"real@test.com","payerFirstName":"Real","payerLastName":"Test","payerPhone":"11999999999","paymentMethod":"credit_card","resolvedReturnUrl":"http://localhost:3000/subscription?success=true","returnUrl":"http://localhost:3000/subscription?success=true","timestamp":"2026-03-15 17:38:35:3835"}
{"level":"\u001b[32minfo\u001b[39m","message":"\u001b[32mPreferência de pagamento criada\u001b[39m","orderId":"test_real_integration_123","preferenceId":"194511733-2cdc56f9-9563-480a-8c1f-37ef7e1ea717","timestamp":"2026-03-15 17:38:35:3835"}
{"level":"\u001b[32minfo\u001b[39m","message":"\u001b[32mPagamento interno criado para rastreamento\u001b[39m","paymentId":"69b718cbf58d0a5510216431","preferenceId":"194511733-2cdc56f9-9563-480a-8c1f-37ef7e1ea717","timestamp":"2026-03-15 17:38:35:3835"}
{"duration":"701ms","ip":"::1","level":"\u001b[35mhttp\u001b[39m","message":"\u001b[35mHTTP Request\u001b[39m","method":"POST","status":200,"timestamp":"2026-03-15 17:38:35:3835","url":"/checkout","userAgent":"curl/8.18.0"}
{"level":"\u001b[33mwarn\u001b[39m","message":"\u001b[33mUsando credenciais de teste sandbox para desenvolvimento\u001b[39m","timestamp":"2026-03-15 17:39:23:3923"}
{"environment":"development","hasCredentials":true,"isSandbox":true,"level":"\u001b[32minfo\u001b[39m","message":"\u001b[32mMercado Pago configurado com sucesso (SDK v2)\u001b[39m","timestamp":"2026-03-15 17:39:23:3923"}
{"environment":"development","level":"\u001b[32minfo\u001b[39m","message":"\u001b[32mSORED Backend iniciado\u001b[39m","port":"3001","timestamp":"2026-03-15 17:39:24:3924"}
{"level":"\u001b[32minfo\u001b[39m","message":"\u001b[32mMongoDB conectado com sucesso\u001b[39m","timestamp":"2026-03-15 17:39:24:3924","uri":"mongodb://localhost:27017/sored"}
{"amount":50,"description":"Teste sandbox funcionando","level":"\u001b[32minfo\u001b[39m","message":"\u001b[32mCreating checkout session with body:\u001b[39m","orderId":"test_sandbox_working_123","payerEmail":"sandbox@test.com","payerFirstName":"Sandbox","payerLastName":"Test","payerPhone":"11999999999","paymentMethod":"credit_card","resolvedReturnUrl":"http://localhost:3000/subscription?success=true","returnUrl":"http://localhost:3000/subscription?success=true","timestamp":"2026-03-15 17:39:33:3933"}
{"error":"At least one policy returned UNAUTHORIZED.","level":"\u001b[31merror\u001b[39m","message":"\u001b[31mErro ao criar preferência de pagamento\u001b[39m","orderId":"test_sandbox_working_123","timestamp":"2026-03-15 17:39:33:3933"}
{"error":"At least one policy returned UNAUTHORIZED.","level":"\u001b[31merror\u001b[39m","message":"\u001b[31mErro ao criar sessão de checkout\u001b[39m","timestamp":"2026-03-15 17:39:33:3933"}
{"duration":"475ms","ip":"::1","level":"\u001b[35mhttp\u001b[39m","message":"\u001b[35mHTTP Request\u001b[39m","method":"POST","status":500,"timestamp":"2026-03-15 17:39:33:3933","url":"/checkout","userAgent":"curl/8.18.0"}
{"level":"\u001b[33mwarn\u001b[39m","message":"\u001b[33mUsando credenciais de teste sandbox para desenvolvimento\u001b[39m","timestamp":"2026-03-15 17:40:22:4022"}
{"environment":"development","hasCredentials":true,"isSandbox":true,"level":"\u001b[32minfo\u001b[39m","message":"\u001b[32mMercado Pago configurado com sucesso (SDK v2)\u001b[39m","timestamp":"2026-03-15 17:40:22:4022"}
{"environment":"development","level":"\u001b[32minfo\u001b[39m","message":"\u001b[32mSORED Backend iniciado\u001b[39m","port":"3001","timestamp":"2026-03-15 17:40:23:4023"}
{"level":"\u001b[32minfo\u001b[39m","message":"\u001b[32mMongoDB conectado com sucesso\u001b[39m","timestamp":"2026-03-15 17:40:23:4023","uri":"mongodb://localhost:27017/sored"}
{"error":"Expected ':' after property name in JSON at position 129 (line 1 column 130)","ip":"::1","level":"\u001b[31merror\u001b[39m","message":"\u001b[31mErro não tratado\u001b[39m","method":"POST","stack":"SyntaxError: Expected ':' after property name in JSON at position 129 (line 1 column 130)\n    at JSON.parse (<anonymous>)\n    at parse (C:\\Users\\gilmar dutra\\Documents\\sored-novo-main\\backend\\node_modules\\body-parser\\lib\\types\\json.js:92:19)\n    at C:\\Users\\gilmar dutra\\Documents\\sored-novo-main\\backend\\node_modules\\body-parser\\lib\\read.js:128:18\n    at AsyncResource.runInAsyncScope (node:async_hooks:214:14)\n    at invokeCallback (C:\\Users\\gilmar dutra\\Documents\\sored-novo-main\\backend\\node_modules\\raw-body\\index.js:238:16)\n    at done (C:\\Users\\gilmar dutra\\Documents\\sored-novo-main\\backend\\node_modules\\raw-body\\index.js:227:7)\n    at IncomingMessage.onEnd (C:\\Users\\gilmar dutra\\Documents\\sored-novo-main\\backend\\node_modules\\raw-body\\index.js:287:7)\n    at IncomingMessage.emit (node:events:519:28)\n    at IncomingMessage.emit (node:domain:489:12)\n    at endReadableNT (node:internal/streams/readable:1698:12)","timestamp":"2026-03-15 17:40:38:4038","url":"/api/payments/checkout"}
{"amount":50,"description":"Teste fallback final","level":"\u001b[32minfo\u001b[39m","message":"\u001b[32mCreating checkout session with body:\u001b[39m","orderId":"test_fallback_final_123","payerEmail":"fallback@test.com","payerFirstName":"Fallback","payerLastName":"Test","payerPhone":"11999999999","paymentMethod":"credit_card","resolvedReturnUrl":"http://localhost:3000/subscription?success=true","returnUrl":"http://localhost:3000/subscription?success=true","timestamp":"2026-03-15 17:40:48:4048"}
{"error":"At least one policy returned UNAUTHORIZED.","level":"\u001b[33mwarn\u001b[39m","message":"\u001b[33mUsando fallback simulado para desenvolvimento devido a erro de autenticação\u001b[39m","orderId":"test_fallback_final_123","timestamp":"2026-03-15 17:40:48:4048"}
{"level":"\u001b[32minfo\u001b[39m","message":"\u001b[32mPagamento interno criado para rastreamento\u001b[39m","paymentId":"69b7195052e087c19d14b967","preferenceId":"demo_1773607248920_s803bnv0a","timestamp":"2026-03-15 17:40:48:4048"}
{"duration":"685ms","ip":"::1","level":"\u001b[35mhttp\u001b[39m","message":"\u001b[35mHTTP Request\u001b[39m","method":"POST","status":200,"timestamp":"2026-03-15 17:40:48:4048","url":"/checkout","userAgent":"curl/8.18.0"}
{"duration":"3ms","ip":"::1","level":"\u001b[35mhttp\u001b[39m","message":"\u001b[35mHTTP Request\u001b[39m","method":"GET","status":200,"timestamp":"2026-03-15 17:41:19:4119","url":"/public-key","userAgent":"node"}
{"duration":"2ms","ip":"::1","level":"\u001b[35mhttp\u001b[39m","message":"\u001b[35mHTTP Request\u001b[39m","method":"GET","status":200,"timestamp":"2026-03-15 17:41:19:4119","url":"/public-key","userAgent":"node"}
{"amount":100,"description":"Plano Mensal - month","level":"\u001b[32minfo\u001b[39m","message":"\u001b[32mCreating checkout session with body:\u001b[39m","orderId":"plan_monthly_1773607308817","payerEmail":"gilmar40dutra@gmail.com","payerFirstName":"gilmar","payerLastName":"dutra","payerPhone":"54996767613","paymentMethod":"credit_card","resolvedReturnUrl":"http://localhost:3000/subscription?success=true","returnUrl":"http://localhost:3000/subscription?success=true","timestamp":"2026-03-15 17:41:48:4148"}
{"error":"At least one policy returned UNAUTHORIZED.","level":"\u001b[33mwarn\u001b[39m","message":"\u001b[33mUsando fallback simulado para desenvolvimento devido a erro de autenticação\u001b[39m","orderId":"plan_monthly_1773607308817","timestamp":"2026-03-15 17:41:49:4149"}
{"level":"\u001b[32minfo\u001b[39m","message":"\u001b[32mPagamento interno criado para rastreamento\u001b[39m","paymentId":"69b7198d52e087c19d14b969","preferenceId":"demo_1773607309297_qp8vyi0t0","timestamp":"2026-03-15 17:41:49:4149"}
{"duration":"446ms","ip":"::1","level":"\u001b[35mhttp\u001b[39m","message":"\u001b[35mHTTP Request\u001b[39m","method":"POST","status":200,"timestamp":"2026-03-15 17:41:49:4149","url":"/checkout","userAgent":"node"}
{"level":"\u001b[33mwarn\u001b[39m","message":"\u001b[33mUsando credenciais de teste sandbox para desenvolvimento\u001b[39m","timestamp":"2026-03-15 17:43:16:4316"}
{"environment":"development","hasCredentials":true,"isSandbox":true,"level":"\u001b[32minfo\u001b[39m","message":"\u001b[32mMercado Pago configurado com sucesso (SDK v2)\u001b[39m","timestamp":"2026-03-15 17:43:16:4316"}
{"environment":"development","level":"\u001b[32minfo\u001b[39m","message":"\u001b[32mSORED Backend iniciado\u001b[39m","port":"3001","timestamp":"2026-03-15 17:43:17:4317"}
{"level":"\u001b[32minfo\u001b[39m","message":"\u001b[32mMongoDB conectado com sucesso\u001b[39m","timestamp":"2026-03-15 17:43:17:4317","uri":"mongodb://localhost:27017/sored"}
{"amount":50,"description":"Teste demonstração corrigido","level":"\u001b[32minfo\u001b[39m","message":"\u001b[32mCreating checkout session with body:\u001b[39m","orderId":"test_demo_fixed_123","payerEmail":"demo@test.com","payerFirstName":"Demo","payerLastName":"Test","payerPhone":"11999999999","paymentMethod":"credit_card","resolvedReturnUrl":"http://localhost:3000/subscription?success=true","returnUrl":"http://localhost:3000/subscription?success=true","timestamp":"2026-03-15 17:43:55:4355"}
{"error":"At least one policy returned UNAUTHORIZED.","level":"\u001b[33mwarn\u001b[39m","message":"\u001b[33mUsando fallback simulado para desenvolvimento devido a erro de autenticação\u001b[39m","orderId":"test_demo_fixed_123","timestamp":"2026-03-15 17:43:56:4356"}
{"level":"\u001b[32minfo\u001b[39m","message":"\u001b[32mPagamento interno criado para rastreamento\u001b[39m","paymentId":"69b71a0c4b70e2fcebe0cf01","preferenceId":"demo_1773607436058_tcxq5uym3","timestamp":"2026-03-15 17:43:56:4356"}
{"duration":"530ms","ip":"::1","level":"\u001b[35mhttp\u001b[39m","message":"\u001b[35mHTTP Request\u001b[39m","method":"POST","status":200,"timestamp":"2026-03-15 17:43:56:4356","url":"/checkout","userAgent":"curl/8.18.0"}
{"level":"\u001b[33mwarn\u001b[39m","message":"\u001b[33mUsando credenciais de teste sandbox para desenvolvimento\u001b[39m","timestamp":"2026-03-15 17:44:49:4449"}
{"environment":"development","hasCredentials":true,"isSandbox":true,"level":"\u001b[32minfo\u001b[39m","message":"\u001b[32mMercado Pago configurado com sucesso (SDK v2)\u001b[39m","timestamp":"2026-03-15 17:44:49:4449"}
{"environment":"development","level":"\u001b[32minfo\u001b[39m","message":"\u001b[32mSORED Backend iniciado\u001b[39m","port":"3001","timestamp":"2026-03-15 17:44:50:4450"}
{"level":"\u001b[32minfo\u001b[39m","message":"\u001b[32mMongoDB conectado com sucesso\u001b[39m","timestamp":"2026-03-15 17:44:50:4450","uri":"mongodb://localhost:27017/sored"}
{"error":"Expected ':' after property name in JSON at position 129 (line 1 column 130)","ip":"::1","level":"\u001b[31merror\u001b[39m","message":"\u001b[31mErro não tratado\u001b[39m","method":"POST","stack":"SyntaxError: Expected ':' after property name in JSON at position 129 (line 1 column 130)\n    at JSON.parse (<anonymous>)\n    at parse (C:\\Users\\gilmar dutra\\Documents\\sored-novo-main\\backend\\node_modules\\body-parser\\lib\\types\\json.js:92:19)\n    at C:\\Users\\gilmar dutra\\Documents\\sored-novo-main\\backend\\node_modules\\body-parser\\lib\\read.js:128:18\n    at AsyncResource.runInAsyncScope (node:async_hooks:214:14)\n    at invokeCallback (C:\\Users\\gilmar dutra\\Documents\\sored-novo-main\\backend\\node_modules\\raw-body\\index.js:238:16)\n    at done (C:\\Users\\gilmar dutra\\Documents\\sored-novo-main\\backend\\node_modules\\raw-body\\index.js:227:7)\n    at IncomingMessage.onEnd (C:\\Users\\gilmar dutra\\Documents\\sored-novo-main\\backend\\node_modules\\raw-body\\index.js:287:7)\n    at IncomingMessage.emit (node:events:519:28)\n    at IncomingMessage.emit (node:domain:489:12)\n    at endReadableNT (node:internal/streams/readable:1698:12)","timestamp":"2026-03-15 17:44:50:4450","url":"/api/payments/checkout"}
{"amount":50,"description":"Teste página demonstração","level":"\u001b[32minfo\u001b[39m","message":"\u001b[32mCreating checkout session with body:\u001b[39m","orderId":"test_demo_page_123","payerEmail":"demopage@test.com","payerFirstName":"DemoPage","payerLastName":"Test","payerPhone":"11999999999","paymentMethod":"credit_card","resolvedReturnUrl":"http://localhost:3000/subscription?success=true","returnUrl":"http://localhost:3000/subscription?success=true","timestamp":"2026-03-15 17:44:59:4459"}
{"error":"At least one policy returned UNAUTHORIZED.","level":"\u001b[33mwarn\u001b[39m","message":"\u001b[33mUsando fallback simulado para desenvolvimento devido a erro de autenticação\u001b[39m","orderId":"test_demo_page_123","timestamp":"2026-03-15 17:44:59:4459"}
{"level":"\u001b[32minfo\u001b[39m","message":"\u001b[32mPagamento interno criado para rastreamento\u001b[39m","paymentId":"69b71a4b3f45c21b3355c498","preferenceId":"demo_1773607499854_sdzr8si2v","timestamp":"2026-03-15 17:44:59:4459"}
{"duration":"509ms","ip":"::1","level":"\u001b[35mhttp\u001b[39m","message":"\u001b[35mHTTP Request\u001b[39m","method":"POST","status":200,"timestamp":"2026-03-15 17:44:59:4459","url":"/checkout","userAgent":"curl/8.18.0"}
{"duration":"2ms","ip":"::1","level":"\u001b[35mhttp\u001b[39m","message":"\u001b[35mHTTP Request\u001b[39m","method":"GET","status":200,"timestamp":"2026-03-15 17:45:47:4547","url":"/public-key","userAgent":"node"}
{"duration":"2ms","ip":"::1","level":"\u001b[35mhttp\u001b[39m","message":"\u001b[35mHTTP Request\u001b[39m","method":"GET","status":200,"timestamp":"2026-03-15 17:45:47:4547","url":"/public-key","userAgent":"node"}
{"amount":100,"description":"Plano Mensal - month","level":"\u001b[32minfo\u001b[39m","message":"\u001b[32mCreating checkout session with body:\u001b[39m","orderId":"plan_monthly_1773607578744","payerEmail":"gilmar40dutra@gmail.com","payerFirstName":"gilmar","payerLastName":"dutra","payerPhone":"54996767613","paymentMethod":"credit_card","resolvedReturnUrl":"http://localhost:3000/subscription?success=true","returnUrl":"http://localhost:3000/subscription?success=true","timestamp":"2026-03-15 17:46:18:4618"}
{"error":"At least one policy returned UNAUTHORIZED.","level":"\u001b[33mwarn\u001b[39m","message":"\u001b[33mUsando fallback simulado para desenvolvimento devido a erro de autenticação\u001b[39m","orderId":"plan_monthly_1773607578744","timestamp":"2026-03-15 17:46:19:4619"}
{"level":"\u001b[32minfo\u001b[39m","message":"\u001b[32mPagamento interno criado para rastreamento\u001b[39m","paymentId":"69b71a9b3f45c21b3355c49a","preferenceId":"demo_1773607579445_3iq2xvb9t","timestamp":"2026-03-15 17:46:19:4619"}
{"duration":"468ms","ip":"::1","level":"\u001b[35mhttp\u001b[39m","message":"\u001b[35mHTTP Request\u001b[39m","method":"POST","status":200,"timestamp":"2026-03-15 17:46:19:4619","url":"/checkout","userAgent":"node"}
{"environment":"development","hasCredentials":true,"isSandbox":false,"level":"\u001b[32minfo\u001b[39m","message":"\u001b[32mMercado Pago configurado com sucesso (SDK v2)\u001b[39m","timestamp":"2026-03-15 17:47:47:4747"}
{"environment":"development","level":"\u001b[32minfo\u001b[39m","message":"\u001b[32mSORED Backend iniciado\u001b[39m","port":"3001","timestamp":"2026-03-15 17:47:48:4748"}
{"level":"\u001b[32minfo\u001b[39m","message":"\u001b[32mMongoDB conectado com sucesso\u001b[39m","timestamp":"2026-03-15 17:47:48:4748","uri":"mongodb://localhost:27017/sored"}
{"amount":50,"description":"Teste integração real Mercado Pago","level":"\u001b[32minfo\u001b[39m","message":"\u001b[32mCreating checkout session with body:\u001b[39m","orderId":"test_real_mercado_pago_123","payerEmail":"real@mercadopago.com","payerFirstName":"Real","payerLastName":"Test","payerPhone":"11999999999","paymentMethod":"credit_card","resolvedReturnUrl":"http://localhost:3000/subscription?success=true","returnUrl":"http://localhost:3000/subscription?success=true","timestamp":"2026-03-15 17:47:56:4756"}
{"isSandbox":false,"level":"\u001b[32minfo\u001b[39m","message":"\u001b[32mPreferência de pagamento criada com sucesso\u001b[39m","orderId":"test_real_mercado_pago_123","preferenceId":"194511733-9d84d55d-227c-40dd-90e0-3304141e692f","timestamp":"2026-03-15 17:47:59:4759"}
{"level":"\u001b[32minfo\u001b[39m","message":"\u001b[32mPagamento interno criado para rastreamento\u001b[39m","paymentId":"69b71aff94b451676d8d5461","preferenceId":"194511733-9d84d55d-227c-40dd-90e0-3304141e692f","timestamp":"2026-03-15 17:47:59:4759"}
{"duration":"3011ms","ip":"::1","level":"\u001b[35mhttp\u001b[39m","message":"\u001b[35mHTTP Request\u001b[39m","method":"POST","status":200,"timestamp":"2026-03-15 17:47:59:4759","url":"/checkout","userAgent":"curl/8.18.0"}
{"environment":"development","hasCredentials":true,"isSandbox":true,"level":"\u001b[32minfo\u001b[39m","message":"\u001b[32mMercado Pago configurado com sucesso (SDK v2) - Modo Sandbox\u001b[39m","timestamp":"2026-03-15 17:48:45:4845"}
{"environment":"development","level":"\u001b[32minfo\u001b[39m","message":"\u001b[32mSORED Backend iniciado\u001b[39m","port":"3001","timestamp":"2026-03-15 17:48:46:4846"}
{"level":"\u001b[32minfo\u001b[39m","message":"\u001b[32mMongoDB conectado com sucesso\u001b[39m","timestamp":"2026-03-15 17:48:46:4846","uri":"mongodb://localhost:27017/sored"}
{"amount":50,"description":"Teste sandbox real Mercado Pago","level":"\u001b[32minfo\u001b[39m","message":"\u001b[32mCreating checkout session with body:\u001b[39m","orderId":"test_sandbox_real_123","payerEmail":"sandbox@mercadopago.com","payerFirstName":"Sandbox","payerLastName":"Test","payerPhone":"11999999999","paymentMethod":"credit_card","resolvedReturnUrl":"http://localhost:3000/subscription?success=true","returnUrl":"http://localhost:3000/subscription?success=true","timestamp":"2026-03-15 17:48:59:4859"}
{"error":"At least one policy returned UNAUTHORIZED.","level":"\u001b[31merror\u001b[39m","message":"\u001b[31mErro ao criar preferência de pagamento com API Sandbox\u001b[39m","orderId":"test_sandbox_real_123","timestamp":"2026-03-15 17:48:59:4859"}
{"error":"Falha na integração com Mercado Pago Sandbox: At least one policy returned UNAUTHORIZED.","level":"\u001b[31merror\u001b[39m","message":"\u001b[31mErro ao criar sessão de checkout\u001b[39m","timestamp":"2026-03-15 17:48:59:4859"}
{"duration":"476ms","ip":"::1","level":"\u001b[35mhttp\u001b[39m","message":"\u001b[35mHTTP Request\u001b[39m","method":"POST","status":500,"timestamp":"2026-03-15 17:48:59:4859","url":"/checkout","userAgent":"curl/8.18.0"}
{"environment":"development","hasCredentials":true,"isSandbox":true,"level":"\u001b[32minfo\u001b[39m","message":"\u001b[32mMercado Pago configurado com sucesso (SDK v2) - Modo Sandbox Test\u001b[39m","timestamp":"2026-03-15 17:49:24:4924"}
{"environment":"development","level":"\u001b[32minfo\u001b[39m","message":"\u001b[32mSORED Backend iniciado\u001b[39m","port":"3001","timestamp":"2026-03-15 17:49:25:4925"}
{"level":"\u001b[32minfo\u001b[39m","message":"\u001b[32mMongoDB conectado com sucesso\u001b[39m","timestamp":"2026-03-15 17:49:25:4925","uri":"mongodb://localhost:27017/sored"}
{"environment":"development","hasCredentials":true,"isSandbox":false,"level":"\u001b[32minfo\u001b[39m","message":"\u001b[32mMercado Pago configurado em modo funcional para desenvolvimento\u001b[39m","mode":"functional","timestamp":"2026-03-15 17:49:38:4938"}
{"environment":"development","level":"\u001b[32minfo\u001b[39m","message":"\u001b[32mSORED Backend iniciado\u001b[39m","port":"3001","timestamp":"2026-03-15 17:49:39:4939"}
{"level":"\u001b[32minfo\u001b[39m","message":"\u001b[32mMongoDB conectado com sucesso\u001b[39m","timestamp":"2026-03-15 17:49:39:4939","uri":"mongodb://localhost:27017/sored"}
{"environment":"development","hasCredentials":true,"isSandbox":false,"level":"\u001b[32minfo\u001b[39m","message":"\u001b[32mMercado Pago configurado em modo funcional para desenvolvimento\u001b[39m","mode":"functional","timestamp":"2026-03-15 17:50:08:508"}
{"environment":"development","level":"\u001b[32minfo\u001b[39m","message":"\u001b[32mSORED Backend iniciado\u001b[39m","port":"3001","timestamp":"2026-03-15 17:50:11:5011"}
{"level":"\u001b[32minfo\u001b[39m","message":"\u001b[32mMongoDB conectado com sucesso\u001b[39m","timestamp":"2026-03-15 17:50:11:5011","uri":"mongodb://localhost:27017/sored"}
{"amount":75,"description":"Plano Premium - Funcional","level":"\u001b[32minfo\u001b[39m","message":"\u001b[32mCreating checkout session with body:\u001b[39m","orderId":"test_functional_final_123","payerEmail":"functional@test.com","payerFirstName":"Functional","payerLastName":"Test","payerPhone":"11999999999","paymentMethod":"credit_card","resolvedReturnUrl":"http://localhost:3000/subscription?success=true","returnUrl":"http://localhost:3000/subscription?success=true","timestamp":"2026-03-15 17:50:45:5045"}
{"amount":75,"level":"\u001b[32minfo\u001b[39m","message":"\u001b[32mCriando preferência de pagamento em modo funcional\u001b[39m","orderId":"test_functional_final_123","paymentMethod":"credit_card","timestamp":"2026-03-15 17:50:45:5045"}
{"level":"\u001b[32minfo\u001b[39m","message":"\u001b[32mPagamento interno criado para rastreamento\u001b[39m","paymentId":"69b71ba59f94a644baec5d18","preferenceId":"func_1773607845070_snvsdzc7w","timestamp":"2026-03-15 17:50:45:5045"}
{"duration":"40ms","ip":"::1","level":"\u001b[35mhttp\u001b[39m","message":"\u001b[35mHTTP Request\u001b[39m","method":"POST","status":200,"timestamp":"2026-03-15 17:50:45:5045","url":"/checkout","userAgent":"curl/8.18.0"}
{"duration":"2ms","ip":"::1","level":"\u001b[35mhttp\u001b[39m","message":"\u001b[35mHTTP Request\u001b[39m","method":"GET","status":200,"timestamp":"2026-03-15 17:51:39:5139","url":"/public-key","userAgent":"node"}
{"duration":"1ms","ip":"::1","level":"\u001b[35mhttp\u001b[39m","message":"\u001b[35mHTTP Request\u001b[39m","method":"GET","status":200,"timestamp":"2026-03-15 17:51:39:5139","url":"/public-key","userAgent":"node"}
{"amount":100,"description":"Plano Mensal - month","level":"\u001b[32minfo\u001b[39m","message":"\u001b[32mCreating checkout session with body:\u001b[39m","orderId":"plan_monthly_1773607930979","payerEmail":"gilmar40dutra@gmail.com","payerFirstName":"gilmar","payerLastName":"dutra","payerPhone":"54996767613","paymentMethod":"credit_card","resolvedReturnUrl":"http://localhost:3000/subscription?success=true","returnUrl":"http://localhost:3000/subscription?success=true","timestamp":"2026-03-15 17:52:11:5211"}
{"amount":100,"level":"\u001b[32minfo\u001b[39m","message":"\u001b[32mCriando preferência de pagamento em modo funcional\u001b[39m","orderId":"plan_monthly_1773607930979","paymentMethod":"credit_card","timestamp":"2026-03-15 17:52:11:5211"}
{"level":"\u001b[32minfo\u001b[39m","message":"\u001b[32mPagamento interno criado para rastreamento\u001b[39m","paymentId":"69b71bfb9f94a644baec5d1a","preferenceId":"func_1773607931038_t4ghjj2so","timestamp":"2026-03-15 17:52:11:5211"}
{"duration":"34ms","ip":"::1","level":"\u001b[35mhttp\u001b[39m","message":"\u001b[35mHTTP Request\u001b[39m","method":"POST","status":200,"timestamp":"2026-03-15 17:52:11:5211","url":"/checkout","userAgent":"node"}
{"environment":"development","hasCredentials":true,"isSandbox":false,"level":"\u001b[32minfo\u001b[39m","message":"\u001b[32mMercado Pago configurado em modo funcional para desenvolvimento\u001b[39m","mode":"functional","timestamp":"2026-03-15 17:54:11:5411"}
{"environment":"development","level":"\u001b[32minfo\u001b[39m","message":"\u001b[32mSORED Backend iniciado\u001b[39m","port":"3001","timestamp":"2026-03-15 17:54:12:5412"}
{"level":"\u001b[32minfo\u001b[39m","message":"\u001b[32mMongoDB conectado com sucesso\u001b[39m","timestamp":"2026-03-15 17:54:12:5412","uri":"mongodb://localhost:27017/sored"}
{"duration":"8ms","ip":"::1","level":"\u001b[35mhttp\u001b[39m","message":"\u001b[35mHTTP Request\u001b[39m","method":"GET","status":200,"timestamp":"2026-03-15 17:54:13:5413","url":"/status","userAgent":"curl/8.18.0"}
{"duration":"1ms","ip":"::1","level":"\u001b[35mhttp\u001b[39m","message":"\u001b[35mHTTP Request\u001b[39m","method":"GET","status":200,"timestamp":"2026-03-15 17:54:24:5424","url":"/status","userAgent":"curl/8.18.0"}
{"duration":"2ms","ip":"::1","level":"\u001b[35mhttp\u001b[39m","message":"\u001b[35mHTTP Request\u001b[39m","method":"GET","status":200,"timestamp":"2026-03-15 17:55:26:5526","url":"/status","userAgent":"node"}
{"environment":"development","hasCredentials":true,"isSandbox":false,"level":"\u001b[32minfo\u001b[39m","message":"\u001b[32mMercado Pago configurado em modo funcional para desenvolvimento\u001b[39m","mode":"functional","timestamp":"2026-03-15 17:56:48:5648"}
{"environment":"development","level":"\u001b[32minfo\u001b[39m","message":"\u001b[32mSORED Backend iniciado\u001b[39m","port":"3001","timestamp":"2026-03-15 17:56:49:5649"}
{"level":"\u001b[32minfo\u001b[39m","message":"\u001b[32mMongoDB conectado com sucesso\u001b[39m","timestamp":"2026-03-15 17:56:49:5649","uri":"mongodb://localhost:27017/sored"}
{"level":"\u001b[32minfo\u001b[39m","message":"\u001b[32mHealth check hit\u001b[39m","timestamp":"2026-03-15 17:58:01:581"}
{"duration":"13ms","ip":"::1","level":"\u001b[35mhttp\u001b[39m","message":"\u001b[35mHTTP Request\u001b[39m","method":"GET","status":200,"timestamp":"2026-03-15 17:58:01:581","url":"/api/health","userAgent":"curl/8.18.0"}
{"duration":"3ms","ip":"::1","level":"\u001b[35mhttp\u001b[39m","message":"\u001b[35mHTTP Request\u001b[39m","method":"GET","status":200,"timestamp":"2026-03-15 17:58:15:5815","url":"/status","userAgent":"node"}
{"amount":50,"description":"Teste pós reinicialização","level":"\u001b[32minfo\u001b[39m","message":"\u001b[32mCreating checkout session with body:\u001b[39m","orderId":"test_system_restart_123","payerEmail":"restart@test.com","payerFirstName":"Restart","payerLastName":"Test","payerPhone":"11999999999","paymentMethod":"credit_card","resolvedReturnUrl":"http://localhost:3000/subscription?success=true","returnUrl":"http://localhost:3000/subscription?success=true","timestamp":"2026-03-15 17:58:28:5828"}
{"amount":50,"level":"\u001b[32minfo\u001b[39m","message":"\u001b[32mCriando preferência de pagamento em modo funcional\u001b[39m","orderId":"test_system_restart_123","paymentMethod":"credit_card","timestamp":"2026-03-15 17:58:28:5828"}
{"level":"\u001b[32minfo\u001b[39m","message":"\u001b[32mPagamento interno criado para rastreamento\u001b[39m","paymentId":"69b71d7469f4a03cf573df22","preferenceId":"func_1773608308356_avdjscko7","timestamp":"2026-03-15 17:58:28:5828"}
{"duration":"64ms","ip":"::1","level":"\u001b[35mhttp\u001b[39m","message":"\u001b[35mHTTP Request\u001b[39m","method":"POST","status":200,"timestamp":"2026-03-15 17:58:28:5828","url":"/checkout","userAgent":"curl/8.18.0"}
{"duration":"3ms","ip":"::1","level":"\u001b[35mhttp\u001b[39m","message":"\u001b[35mHTTP Request\u001b[39m","method":"GET","status":200,"timestamp":"2026-03-15 17:58:58:5858","url":"/public-key","userAgent":"node"}
{"duration":"2ms","ip":"::1","level":"\u001b[35mhttp\u001b[39m","message":"\u001b[35mHTTP Request\u001b[39m","method":"GET","status":200,"timestamp":"2026-03-15 17:58:58:5858","url":"/public-key","userAgent":"node"}
{"amount":100,"description":"Plano Mensal - month","level":"\u001b[32minfo\u001b[39m","message":"\u001b[32mCreating checkout session with body:\u001b[39m","orderId":"plan_monthly_1773608367502","payerEmail":"gilmar40dutra@gmail.com","payerFirstName":"gilmar","payerLastName":"dutra","payerPhone":"54996767613","paymentMethod":"credit_card","resolvedReturnUrl":"http://localhost:3000/subscription?success=true","returnUrl":"http://localhost:3000/subscription?success=true","timestamp":"2026-03-15 17:59:28:5928"}
{"amount":100,"level":"\u001b[32minfo\u001b[39m","message":"\u001b[32mCriando preferência de pagamento em modo funcional\u001b[39m","orderId":"plan_monthly_1773608367502","paymentMethod":"credit_card","timestamp":"2026-03-15 17:59:28:5928"}
{"level":"\u001b[32minfo\u001b[39m","message":"\u001b[32mPagamento interno criado para rastreamento\u001b[39m","paymentId":"69b71db069f4a03cf573df24","preferenceId":"func_1773608368170_ku5ngj2su","timestamp":"2026-03-15 17:59:28:5928"}
{"duration":"18ms","ip":"::1","level":"\u001b[35mhttp\u001b[39m","message":"\u001b[35mHTTP Request\u001b[39m","method":"POST","status":200,"timestamp":"2026-03-15 17:59:28:5928","url":"/checkout","userAgent":"node"}
{"environment":"development","hasCredentials":true,"isSandbox":false,"level":"\u001b[32minfo\u001b[39m","message":"\u001b[32mMercado Pago configurado em modo de produção\u001b[39m","mode":"production","timestamp":"2026-03-15 18:01:14:114"}
{"environment":"development","level":"\u001b[32minfo\u001b[39m","message":"\u001b[32mSORED Backend iniciado\u001b[39m","port":"3001","timestamp":"2026-03-15 18:01:15:115"}
{"level":"\u001b[32minfo\u001b[39m","message":"\u001b[32mMongoDB conectado com sucesso\u001b[39m","timestamp":"2026-03-15 18:01:15:115","uri":"mongodb://localhost:27017/sored"}
{"environment":"development","hasCredentials":true,"isSandbox":false,"level":"\u001b[32minfo\u001b[39m","message":"\u001b[32mMercado Pago configurado em modo de produção\u001b[39m","mode":"production","timestamp":"2026-03-15 18:01:42:142"}
{"environment":"development","level":"\u001b[32minfo\u001b[39m","message":"\u001b[32mSORED Backend iniciado\u001b[39m","port":"3001","timestamp":"2026-03-15 18:01:43:143"}
{"level":"\u001b[32minfo\u001b[39m","message":"\u001b[32mMongoDB conectado com sucesso\u001b[39m","timestamp":"2026-03-15 18:01:43:143","uri":"mongodb://localhost:27017/sored"}
{"error":"Expected ':' after property name in JSON at position 138 (line 1 column 139)","ip":"::1","level":"\u001b[31merror\u001b[39m","message":"\u001b[31mErro não tratado\u001b[39m","method":"POST","stack":"SyntaxError: Expected ':' after property name in JSON at position 138 (line 1 column 139)\n    at JSON.parse (<anonymous>)\n    at parse (C:\\Users\\gilmar dutra\\Documents\\sored-novo-main\\backend\\node_modules\\body-parser\\lib\\types\\json.js:92:19)\n    at C:\\Users\\gilmar dutra\\Documents\\sored-novo-main\\backend\\node_modules\\body-parser\\lib\\read.js:128:18\n    at AsyncResource.runInAsyncScope (node:async_hooks:214:14)\n    at invokeCallback (C:\\Users\\gilmar dutra\\Documents\\sored-novo-main\\backend\\node_modules\\raw-body\\index.js:238:16)\n    at done (C:\\Users\\gilmar dutra\\Documents\\sored-novo-main\\backend\\node_modules\\raw-body\\index.js:227:7)\n    at IncomingMessage.onEnd (C:\\Users\\gilmar dutra\\Documents\\sored-novo-main\\backend\\node_modules\\raw-body\\index.js:287:7)\n    at IncomingMessage.emit (node:events:519:28)\n    at IncomingMessage.emit (node:domain:489:12)\n    at endReadableNT (node:internal/streams/readable:1698:12)","timestamp":"2026-03-15 18:01:53:153","url":"/api/payments/checkout"}
{"amount":100,"description":"Pagamento Real - Plano Premium","level":"\u001b[32minfo\u001b[39m","message":"\u001b[32mCreating checkout session with body:\u001b[39m","orderId":"test_real_payment_123","payerEmail":"real@payment.com","payerFirstName":"Real","payerLastName":"Payment","payerPhone":"11999999999","paymentMethod":"credit_card","resolvedReturnUrl":"http://localhost:3000/subscription?success=true","returnUrl":"http://localhost:3000/subscription?success=true","timestamp":"2026-03-15 18:02:03:23"}
{"error":"auto_return invalid. back_url.success must be defined","level":"\u001b[31merror\u001b[39m","message":"\u001b[31mErro ao criar preferência com Mercado Pago real\u001b[39m","orderId":"test_real_payment_123","timestamp":"2026-03-15 18:02:03:23"}
{"error":"Falha no pagamento real: auto_return invalid. back_url.success must be defined","level":"\u001b[31merror\u001b[39m","message":"\u001b[31mErro ao criar sessão de checkout\u001b[39m","timestamp":"2026-03-15 18:02:03:23"}
{"duration":"516ms","ip":"::1","level":"\u001b[35mhttp\u001b[39m","message":"\u001b[35mHTTP Request\u001b[39m","method":"POST","status":500,"timestamp":"2026-03-15 18:02:03:23","url":"/checkout","userAgent":"curl/8.18.0"}
{"environment":"development","hasCredentials":true,"isSandbox":false,"level":"\u001b[32minfo\u001b[39m","message":"\u001b[32mMercado Pago configurado em modo de produção\u001b[39m","mode":"production","timestamp":"2026-03-15 18:02:31:231"}
{"environment":"development","level":"\u001b[32minfo\u001b[39m","message":"\u001b[32mSORED Backend iniciado\u001b[39m","port":"3001","timestamp":"2026-03-15 18:02:32:232"}
{"level":"\u001b[32minfo\u001b[39m","message":"\u001b[32mMongoDB conectado com sucesso\u001b[39m","timestamp":"2026-03-15 18:02:32:232","uri":"mongodb://localhost:27017/sored"}
{"amount":100,"description":"Pagamento Real Corrigido","level":"\u001b[32minfo\u001b[39m","message":"\u001b[32mCreating checkout session with body:\u001b[39m","orderId":"test_real_payment_fixed_123","payerEmail":"real@payment.com","payerFirstName":"Real","payerLastName":"Payment","payerPhone":"11999999999","paymentMethod":"credit_card","resolvedReturnUrl":"http://localhost:3000/subscription?success=true","returnUrl":"http://localhost:3000/subscription?success=true","timestamp":"2026-03-15 18:02:32:232"}
{"isSandbox":false,"level":"\u001b[32minfo\u001b[39m","message":"\u001b[32mPreferência de pagamento criada com Mercado Pago real\u001b[39m","orderId":"test_real_payment_fixed_123","preferenceId":"194511733-f86f4bcb-71b2-41cd-9899-025616ef0be0","timestamp":"2026-03-15 18:02:33:233"}
{"level":"\u001b[32minfo\u001b[39m","message":"\u001b[32mPagamento interno criado para rastreamento\u001b[39m","paymentId":"69b71e69e4b380ca43784f3f","preferenceId":"194511733-f86f4bcb-71b2-41cd-9899-025616ef0be0","timestamp":"2026-03-15 18:02:33:233"}
{"duration":"679ms","ip":"::ffff:127.0.0.1","level":"\u001b[35mhttp\u001b[39m","message":"\u001b[35mHTTP Request\u001b[39m","method":"POST","status":200,"timestamp":"2026-03-15 18:02:33:233","url":"/checkout","userAgent":"curl/8.18.0"}
{"environment":"development","hasCredentials":true,"isSandbox":false,"level":"\u001b[32minfo\u001b[39m","message":"\u001b[32mMercado Pago configurado para pagamento real\u001b[39m","mode":"real-payment","timestamp":"2026-03-15 18:03:17:317"}
{"environment":"development","level":"\u001b[32minfo\u001b[39m","message":"\u001b[32mSORED Backend iniciado\u001b[39m","port":"3001","timestamp":"2026-03-15 18:03:18:318"}
{"level":"\u001b[32minfo\u001b[39m","message":"\u001b[32mMongoDB conectado com sucesso\u001b[39m","timestamp":"2026-03-15 18:03:18:318","uri":"mongodb://localhost:27017/sored"}
{"amount":150,"description":"Pagamento Real Final","level":"\u001b[32minfo\u001b[39m","message":"\u001b[32mCreating checkout session with body:\u001b[39m","orderId":"test_real_final_123","payerEmail":"final@real.com","payerFirstName":"Final","payerLastName":"Real","payerPhone":"11999999999","paymentMethod":"credit_card","resolvedReturnUrl":"http://localhost:3000/subscription?success=true","returnUrl":"http://localhost:3000/subscription?success=true","timestamp":"2026-03-15 18:03:29:329"}
{"isSandbox":false,"level":"\u001b[32minfo\u001b[39m","message":"\u001b[32mPreferência de pagamento criada com Mercado Pago real\u001b[39m","orderId":"test_real_final_123","preferenceId":"194511733-69cba40e-709f-44a4-b158-511068ba5d57","timestamp":"2026-03-15 18:03:29:329"}
{"level":"\u001b[32minfo\u001b[39m","message":"\u001b[32mPagamento interno criado para rastreamento\u001b[39m","paymentId":"69b71ea1161dfebbe7df0480","preferenceId":"194511733-69cba40e-709f-44a4-b158-511068ba5d57","timestamp":"2026-03-15 18:03:29:329"}
{"duration":"651ms","ip":"::1","level":"\u001b[35mhttp\u001b[39m","message":"\u001b[35mHTTP Request\u001b[39m","method":"POST","status":200,"timestamp":"2026-03-15 18:03:29:329","url":"/checkout","userAgent":"curl/8.18.0"}
{"environment":"development","hasCredentials":true,"isSandbox":false,"level":"\u001b[32minfo\u001b[39m","message":"\u001b[32mMercado Pago configurado para pagamento real\u001b[39m","mode":"real-payment","timestamp":"2026-03-15 18:04:15:415"}
{"environment":"development","level":"\u001b[32minfo\u001b[39m","message":"\u001b[32mSORED Backend iniciado\u001b[39m","port":"3001","timestamp":"2026-03-15 18:04:17:417"}
{"level":"\u001b[32minfo\u001b[39m","message":"\u001b[32mMongoDB conectado com sucesso\u001b[39m","timestamp":"2026-03-15 18:04:17:417","uri":"mongodb://localhost:27017/sored"}
{"error":"Expected ':' after property name in JSON at position 136 (line 1 column 137)","ip":"::1","level":"\u001b[31merror\u001b[39m","message":"\u001b[31mErro não tratado\u001b[39m","method":"POST","stack":"SyntaxError: Expected ':' after property name in JSON at position 136 (line 1 column 137)\n    at JSON.parse (<anonymous>)\n    at parse (C:\\Users\\gilmar dutra\\Documents\\sored-novo-main\\backend\\node_modules\\body-parser\\lib\\types\\json.js:92:19)\n    at C:\\Users\\gilmar dutra\\Documents\\sored-novo-main\\backend\\node_modules\\body-parser\\lib\\read.js:128:18\n    at AsyncResource.runInAsyncScope (node:async_hooks:214:14)\n    at invokeCallback (C:\\Users\\gilmar dutra\\Documents\\sored-novo-main\\backend\\node_modules\\raw-body\\index.js:238:16)\n    at done (C:\\Users\\gilmar dutra\\Documents\\sored-novo-main\\backend\\node_modules\\raw-body\\index.js:227:7)\n    at IncomingMessage.onEnd (C:\\Users\\gilmar dutra\\Documents\\sored-novo-main\\backend\\node_modules\\raw-body\\index.js:287:7)\n    at IncomingMessage.emit (node:events:519:28)\n    at IncomingMessage.emit (node:domain:489:12)\n    at endReadableNT (node:internal/streams/readable:1698:12)","timestamp":"2026-03-15 18:04:47:447","url":"/api/payments/checkout"}
{"amount":200,"description":"Pagamento Real com Fallback","level":"\u001b[32minfo\u001b[39m","message":"\u001b[32mCreating checkout session with body:\u001b[39m","orderId":"test_real_fallback_123","payerEmail":"fallback@real.com","payerFirstName":"Fallback","payerLastName":"Real","payerPhone":"11999999999","paymentMethod":"credit_card","resolvedReturnUrl":"http://localhost:3000/subscription?success=true","returnUrl":"http://localhost:3000/subscription?success=true","timestamp":"2026-03-15 18:04:58:458"}
{"isSandbox":false,"level":"\u001b[32minfo\u001b[39m","message":"\u001b[32mPreferência de pagamento criada com Mercado Pago real\u001b[39m","orderId":"test_real_fallback_123","preferenceId":"194511733-bfad3969-2e45-4856-8cd5-76c37709e036","timestamp":"2026-03-15 18:04:59:459"}
{"level":"\u001b[32minfo\u001b[39m","message":"\u001b[32mPagamento interno criado para rastreamento\u001b[39m","paymentId":"69b71efb2352ee2e530e37b3","preferenceId":"194511733-bfad3969-2e45-4856-8cd5-76c37709e036","timestamp":"2026-03-15 18:04:59:459"}
{"duration":"729ms","ip":"::1","level":"\u001b[35mhttp\u001b[39m","message":"\u001b[35mHTTP Request\u001b[39m","method":"POST","status":200,"timestamp":"2026-03-15 18:04:59:459","url":"/checkout","userAgent":"curl/8.18.0"}
{"amount":250,"description":"Forçar Fallback Real","level":"\u001b[32minfo\u001b[39m","message":"\u001b[32mCreating checkout session with body:\u001b[39m","orderId":"test_force_fallback_123","payerEmail":"force@fallback.com","payerFirstName":"Force","payerLastName":"Fallback","payerPhone":"11999999999","paymentMethod":"credit_card","resolvedReturnUrl":"http://localhost:3000/subscription?success=true","returnUrl":"http://localhost:3000/subscription?success=true","timestamp":"2026-03-15 18:05:24:524"}
{"isSandbox":false,"level":"\u001b[32minfo\u001b[39m","message":"\u001b[32mPreferência de pagamento criada com Mercado Pago real\u001b[39m","orderId":"test_force_fallback_123","preferenceId":"194511733-2d5afca6-62f9-45d8-98b0-58213bf9f981","timestamp":"2026-03-15 18:05:24:524"}
{"level":"\u001b[32minfo\u001b[39m","message":"\u001b[32mPagamento interno criado para rastreamento\u001b[39m","paymentId":"69b71f142352ee2e530e37b5","preferenceId":"194511733-2d5afca6-62f9-45d8-98b0-58213bf9f981","timestamp":"2026-03-15 18:05:24:524"}
{"duration":"535ms","ip":"::1","level":"\u001b[35mhttp\u001b[39m","message":"\u001b[35mHTTP Request\u001b[39m","method":"POST","status":200,"timestamp":"2026-03-15 18:05:24:524","url":"/checkout","userAgent":"curl/8.18.0"}
{"duration":"3ms","ip":"::1","level":"\u001b[35mhttp\u001b[39m","message":"\u001b[35mHTTP Request\u001b[39m","method":"GET","status":200,"timestamp":"2026-03-15 18:06:40:640","url":"/public-key","userAgent":"node"}
{"duration":"1ms","ip":"::1","level":"\u001b[35mhttp\u001b[39m","message":"\u001b[35mHTTP Request\u001b[39m","method":"GET","status":200,"timestamp":"2026-03-15 18:06:41:641","url":"/public-key","userAgent":"node"}
{"amount":100,"description":"Plano Mensal - month","level":"\u001b[32minfo\u001b[39m","message":"\u001b[32mCreating checkout session with body:\u001b[39m","orderId":"plan_monthly_1773608833714","payerEmail":"gilmar40dutra@gmail.com","payerFirstName":"gilmar","payerLastName":"dutra","payerPhone":"54996767613","paymentMethod":"credit_card","resolvedReturnUrl":"http://localhost:3000/subscription?success=true","returnUrl":"http://localhost:3000/subscription?success=true","timestamp":"2026-03-15 18:07:13:713"}
{"isSandbox":false,"level":"\u001b[32minfo\u001b[39m","message":"\u001b[32mPreferência de pagamento criada com Mercado Pago real\u001b[39m","orderId":"plan_monthly_1773608833714","preferenceId":"194511733-1748072e-e690-410a-8f71-9d15df0b743b","timestamp":"2026-03-15 18:07:14:714"}
{"level":"\u001b[32minfo\u001b[39m","message":"\u001b[32mPagamento interno criado para rastreamento\u001b[39m","paymentId":"69b71f822352ee2e530e37b7","preferenceId":"194511733-1748072e-e690-410a-8f71-9d15df0b743b","timestamp":"2026-03-15 18:07:14:714"}
{"duration":"668ms","ip":"::1","level":"\u001b[35mhttp\u001b[39m","message":"\u001b[35mHTTP Request\u001b[39m","method":"POST","status":200,"timestamp":"2026-03-15 18:07:14:714","url":"/checkout","userAgent":"node"}
{"duration":"44ms","ip":"::1","level":"\u001b[35mhttp\u001b[39m","message":"\u001b[35mHTTP Request\u001b[39m","method":"GET","status":200,"timestamp":"2026-03-15 18:12:22:1222","url":"/public-key","userAgent":"node"}
{"duration":"4ms","ip":"::1","level":"\u001b[35mhttp\u001b[39m","message":"\u001b[35mHTTP Request\u001b[39m","method":"GET","status":200,"timestamp":"2026-03-15 18:12:22:1222","url":"/public-key","userAgent":"node"}
{"amount":100,"description":"Plano Mensal - month","level":"\u001b[32minfo\u001b[39m","message":"\u001b[32mCreating checkout session with body:\u001b[39m","orderId":"plan_monthly_1773609175865","payerEmail":"gilmar40dutra@gmail.com","payerFirstName":"gilmar","payerLastName":"dutra","payerPhone":"54996767613","paymentMethod":"credit_card","resolvedReturnUrl":"http://localhost:3000/subscription?success=true","returnUrl":"http://localhost:3000/subscription?success=true","timestamp":"2026-03-15 18:12:55:1255"}
{"isSandbox":false,"level":"\u001b[32minfo\u001b[39m","message":"\u001b[32mPreferência de pagamento criada com Mercado Pago real\u001b[39m","orderId":"plan_monthly_1773609175865","preferenceId":"194511733-0ef8a6d6-6cf6-42e0-a5bb-e5b46c7f0a26","timestamp":"2026-03-15 18:12:56:1256"}
{"level":"\u001b[32minfo\u001b[39m","message":"\u001b[32mPagamento interno criado para rastreamento\u001b[39m","paymentId":"69b720d82352ee2e530e37b9","preferenceId":"194511733-0ef8a6d6-6cf6-42e0-a5bb-e5b46c7f0a26","timestamp":"2026-03-15 18:12:56:1256"}
{"duration":"976ms","ip":"::1","level":"\u001b[35mhttp\u001b[39m","message":"\u001b[35mHTTP Request\u001b[39m","method":"POST","status":200,"timestamp":"2026-03-15 18:12:56:1256","url":"/checkout","userAgent":"node"}
{"level":"\u001b[32minfo\u001b[39m","message":"\u001b[32mHealth check hit\u001b[39m","timestamp":"2026-03-15 18:14:21:1421"}
{"duration":"20ms","ip":"::1","level":"\u001b[35mhttp\u001b[39m","message":"\u001b[35mHTTP Request\u001b[39m","method":"GET","status":200,"timestamp":"2026-03-15 18:14:21:1421","url":"/api/health","userAgent":"curl/8.18.0"}
{"duration":"12ms","ip":"::1","level":"\u001b[35mhttp\u001b[39m","message":"\u001b[35mHTTP Request\u001b[39m","method":"GET","status":200,"timestamp":"2026-03-15 18:14:30:1430","url":"/status","userAgent":"node"}
{"amount":100,"description":"Teste Debug","level":"\u001b[32minfo\u001b[39m","message":"\u001b[32mCreating checkout session with body:\u001b[39m","orderId":"test_debug_123","payerEmail":"debug@test.com","payerFirstName":"Debug","payerLastName":"Test","payerPhone":"11999999999","paymentMethod":"credit_card","resolvedReturnUrl":"http://localhost:3000/subscription?success=true","returnUrl":"http://localhost:3000/subscription?success=true","timestamp":"2026-03-15 18:14:40:1440"}
{"isSandbox":false,"level":"\u001b[32minfo\u001b[39m","message":"\u001b[32mPreferência de pagamento criada com Mercado Pago real\u001b[39m","orderId":"test_debug_123","preferenceId":"194511733-87b57e3a-0d46-430e-ad1b-a40caa3976ef","timestamp":"2026-03-15 18:14:40:1440"}
{"level":"\u001b[32minfo\u001b[39m","message":"\u001b[32mPagamento interno criado para rastreamento\u001b[39m","paymentId":"69b721402352ee2e530e37bb","preferenceId":"194511733-87b57e3a-0d46-430e-ad1b-a40caa3976ef","timestamp":"2026-03-15 18:14:40:1440"}
{"duration":"644ms","ip":"::1","level":"\u001b[35mhttp\u001b[39m","message":"\u001b[35mHTTP Request\u001b[39m","method":"POST","status":200,"timestamp":"2026-03-15 18:14:40:1440","url":"/checkout","userAgent":"curl/8.18.0"}
{"amount":150,"description":"Teste Final Sistema","level":"\u001b[32minfo\u001b[39m","message":"\u001b[32mCreating checkout session with body:\u001b[39m","orderId":"test_final_check_123","payerEmail":"final@test.com","payerFirstName":"Final","payerLastName":"Test","payerPhone":"11999999999","paymentMethod":"credit_card","resolvedReturnUrl":"http://localhost:3000/subscription?success=true","returnUrl":"http://localhost:3000/subscription?success=true","timestamp":"2026-03-15 18:15:18:1518"}
{"isSandbox":false,"level":"\u001b[32minfo\u001b[39m","message":"\u001b[32mPreferência de pagamento criada com Mercado Pago real\u001b[39m","orderId":"test_final_check_123","preferenceId":"194511733-087a234b-4f75-4a76-bd8d-9592509dad2c","timestamp":"2026-03-15 18:15:18:1518"}
{"level":"\u001b[32minfo\u001b[39m","message":"\u001b[32mPagamento interno criado para rastreamento\u001b[39m","paymentId":"69b721662352ee2e530e37bd","preferenceId":"194511733-087a234b-4f75-4a76-bd8d-9592509dad2c","timestamp":"2026-03-15 18:15:18:1518"}
{"duration":"535ms","ip":"::1","level":"\u001b[35mhttp\u001b[39m","message":"\u001b[35mHTTP Request\u001b[39m","method":"POST","status":200,"timestamp":"2026-03-15 18:15:18:1518","url":"/checkout","userAgent":"curl/8.18.0"}
{"duration":"1ms","ip":"::1","level":"\u001b[35mhttp\u001b[39m","message":"\u001b[35mHTTP Request\u001b[39m","method":"GET","status":200,"timestamp":"2026-03-15 18:15:55:1555","url":"/public-key","userAgent":"node"}
{"duration":"1ms","ip":"::1","level":"\u001b[35mhttp\u001b[39m","message":"\u001b[35mHTTP Request\u001b[39m","method":"GET","status":200,"timestamp":"2026-03-15 18:15:55:1555","url":"/public-key","userAgent":"node"}
{"amount":100,"description":"Plano Mensal - month","level":"\u001b[32minfo\u001b[39m","message":"\u001b[32mCreating checkout session with body:\u001b[39m","orderId":"plan_monthly_1773609386667","payerEmail":"gilmar40dutra@gmail.com","payerFirstName":"gilmar","payerLastName":"dutra","payerPhone":"54996767613","paymentMethod":"credit_card","resolvedReturnUrl":"http://localhost:3000/subscription?success=true","returnUrl":"http://localhost:3000/subscription?success=true","timestamp":"2026-03-15 18:16:26:1626"}
{"isSandbox":false,"level":"\u001b[32minfo\u001b[39m","message":"\u001b[32mPreferência de pagamento criada com Mercado Pago real\u001b[39m","orderId":"plan_monthly_1773609386667","preferenceId":"194511733-23b0b7ea-3dd5-4c22-930d-b839722ed4ec","timestamp":"2026-03-15 18:16:27:1627"}
{"level":"\u001b[32minfo\u001b[39m","message":"\u001b[32mPagamento interno criado para rastreamento\u001b[39m","paymentId":"69b721ab2352ee2e530e37bf","preferenceId":"194511733-23b0b7ea-3dd5-4c22-930d-b839722ed4ec","timestamp":"2026-03-15 18:16:27:1627"}
{"duration":"681ms","ip":"::1","level":"\u001b[35mhttp\u001b[39m","message":"\u001b[35mHTTP Request\u001b[39m","method":"POST","status":200,"timestamp":"2026-03-15 18:16:27:1627","url":"/checkout","userAgent":"node"}
{"environment":"development","hasCredentials":true,"isSandbox":false,"level":"\u001b[32minfo\u001b[39m","message":"\u001b[32mMercado Pago configurado para pagamento real\u001b[39m","mode":"real-payment","timestamp":"2026-03-15 18:19:10:1910"}
{"environment":"development","level":"\u001b[32minfo\u001b[39m","message":"\u001b[32mSORED Backend iniciado\u001b[39m","port":"3001","timestamp":"2026-03-15 18:19:11:1911"}
{"level":"\u001b[32minfo\u001b[39m","message":"\u001b[32mMongoDB conectado com sucesso\u001b[39m","timestamp":"2026-03-15 18:19:11:1911","uri":"mongodb://localhost:27017/sored"}
{"duration":"22ms","ip":"::1","level":"\u001b[35mhttp\u001b[39m","message":"\u001b[35mHTTP Request\u001b[39m","method":"GET","status":200,"timestamp":"2026-03-15 18:19:42:1942","url":"/public-key","userAgent":"node"}
{"duration":"13ms","ip":"::1","level":"\u001b[35mhttp\u001b[39m","message":"\u001b[35mHTTP Request\u001b[39m","method":"GET","status":200,"timestamp":"2026-03-15 18:19:42:1942","url":"/public-key","userAgent":"node"}
{"amount":100,"description":"Plano Mensal - month","level":"\u001b[32minfo\u001b[39m","message":"\u001b[32mCreating checkout session with body:\u001b[39m","orderId":"plan_monthly_1773609619230","payerEmail":"gilmar40dutra@gmail.com","payerFirstName":"gilmar","payerLastName":"dutra","payerPhone":"5496767613","paymentMethod":"credit_card","resolvedReturnUrl":"http://localhost:3000/subscription?success=true","returnUrl":"http://localhost:3000/subscription?success=true","timestamp":"2026-03-15 18:20:19:2019"}
{"isSandbox":false,"level":"\u001b[32minfo\u001b[39m","message":"\u001b[32mPreferência de pagamento criada com Mercado Pago real\u001b[39m","orderId":"plan_monthly_1773609619230","preferenceId":"194511733-880b1de2-5389-427a-934d-792b2b3ea320","timestamp":"2026-03-15 18:20:20:2020"}
{"level":"\u001b[32minfo\u001b[39m","message":"\u001b[32mPagamento interno criado para rastreamento\u001b[39m","paymentId":"69b7229418a7bd8aefd6be03","preferenceId":"194511733-880b1de2-5389-427a-934d-792b2b3ea320","timestamp":"2026-03-15 18:20:21:2021"}
{"duration":"1840ms","ip":"::1","level":"\u001b[35mhttp\u001b[39m","message":"\u001b[35mHTTP Request\u001b[39m","method":"POST","status":200,"timestamp":"2026-03-15 18:20:21:2021","url":"/checkout","userAgent":"node"}
{"error":"Expected ':' after property name in JSON at position 65 (line 1 column 66)","ip":"::1","level":"\u001b[31merror\u001b[39m","message":"\u001b[31mErro não tratado\u001b[39m","method":"POST","stack":"SyntaxError: Expected ':' after property name in JSON at position 65 (line 1 column 66)\n    at JSON.parse (<anonymous>)\n    at parse (C:\\Users\\gilmar dutra\\Documents\\sored-novo-main\\backend\\node_modules\\body-parser\\lib\\types\\json.js:92:19)\n    at C:\\Users\\gilmar dutra\\Documents\\sored-novo-main\\backend\\node_modules\\body-parser\\lib\\read.js:128:18\n    at AsyncResource.runInAsyncScope (node:async_hooks:214:14)\n    at invokeCallback (C:\\Users\\gilmar dutra\\Documents\\sored-novo-main\\backend\\node_modules\\raw-body\\index.js:238:16)\n    at done (C:\\Users\\gilmar dutra\\Documents\\sored-novo-main\\backend\\node_modules\\raw-body\\index.js:227:7)\n    at IncomingMessage.onEnd (C:\\Users\\gilmar dutra\\Documents\\sored-novo-main\\backend\\node_modules\\raw-body\\index.js:287:7)\n    at IncomingMessage.emit (node:events:519:28)\n    at IncomingMessage.emit (node:domain:489:12)\n    at endReadableNT (node:internal/streams/readable:1698:12)","timestamp":"2026-03-15 18:21:49:2149","url":"/api/payments/checkout"}
{"error":"Expected property name or '}' in JSON at position 1 (line 1 column 2)","ip":"::1","level":"\u001b[31merror\u001b[39m","message":"\u001b[31mErro não tratado\u001b[39m","method":"POST","stack":"SyntaxError: Expected property name or '}' in JSON at position 1 (line 1 column 2)\n    at JSON.parse (<anonymous>)\n    at parse (C:\\Users\\gilmar dutra\\Documents\\sored-novo-main\\backend\\node_modules\\body-parser\\lib\\types\\json.js:92:19)\n    at C:\\Users\\gilmar dutra\\Documents\\sored-novo-main\\backend\\node_modules\\body-parser\\lib\\read.js:128:18\n    at AsyncResource.runInAsyncScope (node:async_hooks:214:14)\n    at invokeCallback (C:\\Users\\gilmar dutra\\Documents\\sored-novo-main\\backend\\node_modules\\raw-body\\index.js:238:16)\n    at done (C:\\Users\\gilmar dutra\\Documents\\sored-novo-main\\backend\\node_modules\\raw-body\\index.js:227:7)\n    at IncomingMessage.onEnd (C:\\Users\\gilmar dutra\\Documents\\sored-novo-main\\backend\\node_modules\\raw-body\\index.js:287:7)\n    at IncomingMessage.emit (node:events:519:28)\n    at IncomingMessage.emit (node:domain:489:12)\n    at endReadableNT (node:internal/streams/readable:1698:12)","timestamp":"2026-03-15 18:22:01:221","url":"/api/payments/checkout"}
{"error":"Expected property name or '}' in JSON at position 1 (line 1 column 2)","ip":"::1","level":"\u001b[31merror\u001b[39m","message":"\u001b[31mErro não tratado\u001b[39m","method":"POST","stack":"SyntaxError: Expected property name or '}' in JSON at position 1 (line 1 column 2)\n    at JSON.parse (<anonymous>)\n    at parse (C:\\Users\\gilmar dutra\\Documents\\sored-novo-main\\backend\\node_modules\\body-parser\\lib\\types\\json.js:92:19)\n    at C:\\Users\\gilmar dutra\\Documents\\sored-novo-main\\backend\\node_modules\\body-parser\\lib\\read.js:128:18\n    at AsyncResource.runInAsyncScope (node:async_hooks:214:14)\n    at invokeCallback (C:\\Users\\gilmar dutra\\Documents\\sored-novo-main\\backend\\node_modules\\raw-body\\index.js:238:16)\n    at done (C:\\Users\\gilmar dutra\\Documents\\sored-novo-main\\backend\\node_modules\\raw-body\\index.js:227:7)\n    at IncomingMessage.onEnd (C:\\Users\\gilmar dutra\\Documents\\sored-novo-main\\backend\\node_modules\\raw-body\\index.js:287:7)\n    at IncomingMessage.emit (node:events:519:28)\n    at IncomingMessage.emit (node:domain:489:12)\n    at endReadableNT (node:internal/streams/readable:1698:12)","timestamp":"2026-03-15 18:22:11:2211","url":"/api/payments/checkout"}
{"duration":"3ms","ip":"::1","level":"\u001b[35mhttp\u001b[39m","message":"\u001b[35mHTTP Request\u001b[39m","method":"GET","status":200,"timestamp":"2026-03-15 18:22:54:2254","url":"/public-key","userAgent":"node"}
{"duration":"1ms","ip":"::1","level":"\u001b[35mhttp\u001b[39m","message":"\u001b[35mHTTP Request\u001b[39m","method":"GET","status":200,"timestamp":"2026-03-15 18:22:54:2254","url":"/public-key","userAgent":"node"}
{"amount":100,"description":"Plano Mensal - month","level":"\u001b[32minfo\u001b[39m","message":"\u001b[32mCreating checkout session with body:\u001b[39m","orderId":"plan_monthly_1773609808034","payerEmail":"gilmar40dutra@gmail.com","payerFirstName":"gilmar","payerLastName":"dutra","payerPhone":"54996767613","paymentMethod":"credit_card","resolvedReturnUrl":"http://localhost:3000/subscription?success=true","returnUrl":"http://localhost:3000/subscription?success=true","timestamp":"2026-03-15 18:23:28:2328"}
{"isSandbox":false,"level":"\u001b[32minfo\u001b[39m","message":"\u001b[32mPreferência de pagamento criada com Mercado Pago real\u001b[39m","orderId":"plan_monthly_1773609808034","preferenceId":"194511733-9842cbdc-4b8b-48ed-b3bb-28848f197ac5","timestamp":"2026-03-15 18:23:30:2330"}
{"level":"\u001b[32minfo\u001b[39m","message":"\u001b[32mPagamento interno criado para rastreamento\u001b[39m","paymentId":"69b7235218a7bd8aefd6be05","preferenceId":"194511733-9842cbdc-4b8b-48ed-b3bb-28848f197ac5","timestamp":"2026-03-15 18:23:30:2330"}
{"duration":"2627ms","ip":"::1","level":"\u001b[35mhttp\u001b[39m","message":"\u001b[35mHTTP Request\u001b[39m","method":"POST","status":200,"timestamp":"2026-03-15 18:23:30:2330","url":"/checkout","userAgent":"node"}
{"duration":"2ms","ip":"::1","level":"\u001b[35mhttp\u001b[39m","message":"\u001b[35mHTTP Request\u001b[39m","method":"GET","status":200,"timestamp":"2026-03-15 18:23:46:2346","url":"/public-key","userAgent":"node"}
{"duration":"1ms","ip":"::1","level":"\u001b[35mhttp\u001b[39m","message":"\u001b[35mHTTP Request\u001b[39m","method":"GET","status":200,"timestamp":"2026-03-15 18:23:46:2346","url":"/public-key","userAgent":"node"}
{"level":"\u001b[32minfo\u001b[39m","message":"\u001b[32mIniciando criação de pagamento PIX\u001b[39m","timestamp":"2026-03-15 18:24:16:2416"}
{"amount":100,"level":"\u001b[32minfo\u001b[39m","message":"\u001b[32mDados do pagamento PIX\u001b[39m","orderId":"plan_monthly_1773609856258","payerEmail":"gilmar40dutra@gmail.com","timestamp":"2026-03-15 18:24:16:2416"}
{"level":"\u001b[32minfo\u001b[39m","message":"\u001b[32mPagamento PIX criado\u001b[39m","orderId":"plan_monthly_1773609856258","paymentId":149780301769,"timestamp":"2026-03-15 18:24:17:2417"}
{"level":"\u001b[32minfo\u001b[39m","message":"\u001b[32mPagamento PIX criado com sucesso\u001b[39m","paymentId":149780301769,"timestamp":"2026-03-15 18:24:17:2417"}
{"level":"\u001b[32minfo\u001b[39m","message":"\u001b[32mPagamento interno criado para rastreamento\u001b[39m","paymentId":"69b7238118a7bd8aefd6be07","preferenceId":"149780301769","timestamp":"2026-03-15 18:24:17:2417"}
{"level":"\u001b[32minfo\u001b[39m","message":"\u001b[32mPagamento interno criado\u001b[39m","paymentId":"69b7238118a7bd8aefd6be07","timestamp":"2026-03-15 18:24:17:2417"}
{"isTest":false,"level":"\u001b[32minfo\u001b[39m","message":"\u001b[32mPagamento PIX processado com sucesso\u001b[39m","paymentId":149780301769,"status":"pending","timestamp":"2026-03-15 18:24:17:2417"}
{"dateOfExpiration":"2026-03-16T17:24:16.901-04:00","level":"\u001b[32minfo\u001b[39m","message":"\u001b[32mEnviando resposta PIX\u001b[39m","paymentId":149780301769,"status":"pending","timestamp":"2026-03-15 18:24:17:2417","transactionAmount":100}
{"duration":"1193ms","ip":"::1","level":"\u001b[35mhttp\u001b[39m","message":"\u001b[35mHTTP Request\u001b[39m","method":"POST","status":200,"timestamp":"2026-03-15 18:24:17:2417","url":"/pix/create","userAgent":"node"}
{"error":"Expected property name or '}' in JSON at position 1 (line 1 column 2)","ip":"::1","level":"\u001b[31merror\u001b[39m","message":"\u001b[31mErro não tratado\u001b[39m","method":"POST","stack":"SyntaxError: Expected property name or '}' in JSON at position 1 (line 1 column 2)\n    at JSON.parse (<anonymous>)\n    at parse (C:\\Users\\gilmar dutra\\Documents\\sored-novo-main\\backend\\node_modules\\body-parser\\lib\\types\\json.js:92:19)\n    at C:\\Users\\gilmar dutra\\Documents\\sored-novo-main\\backend\\node_modules\\body-parser\\lib\\read.js:128:18\n    at AsyncResource.runInAsyncScope (node:async_hooks:214:14)\n    at invokeCallback (C:\\Users\\gilmar dutra\\Documents\\sored-novo-main\\backend\\node_modules\\raw-body\\index.js:238:16)\n    at done (C:\\Users\\gilmar dutra\\Documents\\sored-novo-main\\backend\\node_modules\\raw-body\\index.js:227:7)\n    at IncomingMessage.onEnd (C:\\Users\\gilmar dutra\\Documents\\sored-novo-main\\backend\\node_modules\\raw-body\\index.js:287:7)\n    at IncomingMessage.emit (node:events:519:28)\n    at IncomingMessage.emit (node:domain:489:12)\n    at endReadableNT (node:internal/streams/readable:1698:12)","timestamp":"2026-03-15 18:25:36:2536","url":"/api/payments/pix/create"}
{"level":"\u001b[32minfo\u001b[39m","message":"\u001b[32mIniciando criação de pagamento PIX\u001b[39m","timestamp":"2026-03-15 18:26:10:2610"}
{"amount":100,"level":"\u001b[32minfo\u001b[39m","message":"\u001b[32mDados do pagamento PIX\u001b[39m","orderId":"test_pix_123","payerEmail":"pix@test.com","timestamp":"2026-03-15 18:26:10:2610"}
{"level":"\u001b[32minfo\u001b[39m","message":"\u001b[32mPagamento PIX criado\u001b[39m","orderId":"test_pix_123","paymentId":149781305163,"timestamp":"2026-03-15 18:26:11:2611"}
{"level":"\u001b[32minfo\u001b[39m","message":"\u001b[32mPagamento PIX criado com sucesso\u001b[39m","paymentId":149781305163,"timestamp":"2026-03-15 18:26:11:2611"}
{"level":"\u001b[32minfo\u001b[39m","message":"\u001b[32mPagamento interno criado para rastreamento\u001b[39m","paymentId":"69b723f318a7bd8aefd6be09","preferenceId":"149781305163","timestamp":"2026-03-15 18:26:11:2611"}
{"level":"\u001b[32minfo\u001b[39m","message":"\u001b[32mPagamento interno criado\u001b[39m","paymentId":"69b723f318a7bd8aefd6be09","timestamp":"2026-03-15 18:26:11:2611"}
{"isTest":false,"level":"\u001b[32minfo\u001b[39m","message":"\u001b[32mPagamento PIX processado com sucesso\u001b[39m","paymentId":149781305163,"status":"pending","timestamp":"2026-03-15 18:26:11:2611"}
{"dateOfExpiration":"2026-03-16T17:26:10.756-04:00","level":"\u001b[32minfo\u001b[39m","message":"\u001b[32mEnviando resposta PIX\u001b[39m","paymentId":149781305163,"status":"pending","timestamp":"2026-03-15 18:26:11:2611","transactionAmount":100}
{"duration":"1146ms","ip":"::1","level":"\u001b[35mhttp\u001b[39m","message":"\u001b[35mHTTP Request\u001b[39m","method":"POST","status":200,"timestamp":"2026-03-15 18:26:11:2611","url":"/pix/create","userAgent":"curl/8.18.0"}
{"level":"\u001b[32minfo\u001b[39m","message":"\u001b[32mObtendo QR Code PIX\u001b[39m","paymentId":"149781305163","timestamp":"2026-03-15 18:26:20:2620"}
{"level":"\u001b[32minfo\u001b[39m","message":"\u001b[32mQR Code PIX obtido\u001b[39m","paymentId":"149781305163","timestamp":"2026-03-15 18:26:21:2621"}
{"level":"\u001b[32minfo\u001b[39m","message":"\u001b[32mQR Code PIX obtido com sucesso\u001b[39m","paymentId":"149781305163","timestamp":"2026-03-15 18:26:21:2621"}
{"duration":"534ms","ip":"::1","level":"\u001b[35mhttp\u001b[39m","message":"\u001b[35mHTTP Request\u001b[39m","method":"GET","status":200,"timestamp":"2026-03-15 18:26:21:2621","url":"/pix/qrcode/149781305163","userAgent":"curl/8.18.0"}
{"level":"\u001b[32minfo\u001b[39m","message":"\u001b[32mIniciando criação de pagamento PIX\u001b[39m","timestamp":"2026-03-15 18:27:48:2748"}
{"amount":100,"level":"\u001b[32minfo\u001b[39m","message":"\u001b[32mDados do pagamento PIX\u001b[39m","orderId":"test_pix_proxy_123","payerEmail":"pixproxy@test.com","timestamp":"2026-03-15 18:27:48:2748"}
{"level":"\u001b[32minfo\u001b[39m","message":"\u001b[32mPagamento PIX criado\u001b[39m","orderId":"test_pix_proxy_123","paymentId":149782706367,"timestamp":"2026-03-15 18:27:50:2750"}
{"level":"\u001b[32minfo\u001b[39m","message":"\u001b[32mPagamento PIX criado com sucesso\u001b[39m","paymentId":149782706367,"timestamp":"2026-03-15 18:27:50:2750"}
{"level":"\u001b[32minfo\u001b[39m","message":"\u001b[32mPagamento interno criado para rastreamento\u001b[39m","paymentId":"69b7245618a7bd8aefd6be0b","preferenceId":"149782706367","timestamp":"2026-03-15 18:27:50:2750"}
{"level":"\u001b[32minfo\u001b[39m","message":"\u001b[32mPagamento interno criado\u001b[39m","paymentId":"69b7245618a7bd8aefd6be0b","timestamp":"2026-03-15 18:27:50:2750"}
{"isTest":false,"level":"\u001b[32minfo\u001b[39m","message":"\u001b[32mPagamento PIX processado com sucesso\u001b[39m","paymentId":149782706367,"status":"pending","timestamp":"2026-03-15 18:27:50:2750"}
{"dateOfExpiration":"2026-03-16T17:27:49.347-04:00","level":"\u001b[32minfo\u001b[39m","message":"\u001b[32mEnviando resposta PIX\u001b[39m","paymentId":149782706367,"status":"pending","timestamp":"2026-03-15 18:27:50:2750","transactionAmount":100}
{"duration":"1366ms","ip":"::1","level":"\u001b[35mhttp\u001b[39m","message":"\u001b[35mHTTP Request\u001b[39m","method":"POST","status":200,"timestamp":"2026-03-15 18:27:50:2750","url":"/pix/create","userAgent":"node"}
{"level":"\u001b[32minfo\u001b[39m","message":"\u001b[32mObtendo QR Code PIX\u001b[39m","paymentId":"undefined","timestamp":"2026-03-15 18:28:03:283"}
{"error":"Si quieres conocer los recursos de la API que se encuentran disponibles visita el Sitio de Desarrolladores de MercadoLibre (https://developers.mercadopago.com)","level":"\u001b[31merror\u001b[39m","message":"\u001b[31mErro ao obter QR Code PIX\u001b[39m","paymentId":"undefined","timestamp":"2026-03-15 18:28:05:285"}
{"details":{"error":"resource not found","message":"Si quieres conocer los recursos de la API que se encuentran disponibles visita el Sitio de Desarrolladores de MercadoLibre (https://developers.mercadopago.com)"},"error":"Si quieres conocer los recursos de la API que se encuentran disponibles visita el Sitio de Desarrolladores de MercadoLibre (https://developers.mercadopago.com)","level":"\u001b[31merror\u001b[39m","message":"\u001b[31mErro ao obter QR Code PIX\u001b[39m","timestamp":"2026-03-15 18:28:05:285"}
{"duration":"2826ms","ip":"::1","level":"\u001b[35mhttp\u001b[39m","message":"\u001b[35mHTTP Request\u001b[39m","method":"GET","status":500,"timestamp":"2026-03-15 18:28:05:285","url":"/pix/qrcode/undefined","userAgent":"node"}
{"environment":"development","hasCredentials":true,"isSandbox":false,"level":"\u001b[32minfo\u001b[39m","message":"\u001b[32mMercado Pago configurado para pagamento real\u001b[39m","mode":"real-payment","timestamp":"2026-03-15 18:28:38:2838"}
{"environment":"development","level":"\u001b[32minfo\u001b[39m","message":"\u001b[32mSORED Backend iniciado\u001b[39m","port":"3001","timestamp":"2026-03-15 18:28:39:2839"}
{"level":"\u001b[32minfo\u001b[39m","message":"\u001b[32mMongoDB conectado com sucesso\u001b[39m","timestamp":"2026-03-15 18:28:39:2839","uri":"mongodb://localhost:27017/sored"}
{"level":"\u001b[32minfo\u001b[39m","message":"\u001b[32mObtendo QR Code PIX\u001b[39m","paymentId":"undefined","timestamp":"2026-03-15 18:28:42:2842"}
{"error":"Si quieres conocer los recursos de la API que se encuentran disponibles visita el Sitio de Desarrolladores de MercadoLibre (https://developers.mercadopago.com)","level":"\u001b[33mwarn\u001b[39m","message":"\u001b[33mErro ao obter QR Code PIX, usando fallback\u001b[39m","paymentId":"undefined","timestamp":"2026-03-15 18:28:44:2844"}
{"level":"\u001b[32minfo\u001b[39m","message":"\u001b[32mQR Code PIX obtido com sucesso\u001b[39m","paymentId":"undefined","timestamp":"2026-03-15 18:28:44:2844"}
{"duration":"2719ms","ip":"::1","level":"\u001b[35mhttp\u001b[39m","message":"\u001b[35mHTTP Request\u001b[39m","method":"GET","status":200,"timestamp":"2026-03-15 18:28:44:2844","url":"/pix/qrcode/undefined","userAgent":"node"}
{"duration":"3ms","ip":"::1","level":"\u001b[35mhttp\u001b[39m","message":"\u001b[35mHTTP Request\u001b[39m","method":"GET","status":200,"timestamp":"2026-03-15 18:29:21:2921","url":"/public-key","userAgent":"node"}
{"duration":"2ms","ip":"::1","level":"\u001b[35mhttp\u001b[39m","message":"\u001b[35mHTTP Request\u001b[39m","method":"GET","status":200,"timestamp":"2026-03-15 18:29:21:2921","url":"/public-key","userAgent":"node"}
{"level":"\u001b[32minfo\u001b[39m","message":"\u001b[32mIniciando criação de pagamento PIX\u001b[39m","timestamp":"2026-03-15 18:29:53:2953"}
{"amount":100,"level":"\u001b[32minfo\u001b[39m","message":"\u001b[32mDados do pagamento PIX\u001b[39m","orderId":"plan_monthly_1773610193721","payerEmail":"gilmar40dutra@gmail.com","timestamp":"2026-03-15 18:29:53:2953"}
{"level":"\u001b[32minfo\u001b[39m","message":"\u001b[32mPagamento PIX criado\u001b[39m","orderId":"plan_monthly_1773610193721","paymentId":149781637337,"timestamp":"2026-03-15 18:29:54:2954"}
{"level":"\u001b[32minfo\u001b[39m","message":"\u001b[32mPagamento PIX criado com sucesso\u001b[39m","paymentId":149781637337,"timestamp":"2026-03-15 18:29:54:2954"}
{"level":"\u001b[32minfo\u001b[39m","message":"\u001b[32mPagamento interno criado para rastreamento\u001b[39m","paymentId":"69b724d27ad09e7321542b73","preferenceId":"149781637337","timestamp":"2026-03-15 18:29:54:2954"}
{"level":"\u001b[32minfo\u001b[39m","message":"\u001b[32mPagamento interno criado\u001b[39m","paymentId":"69b724d27ad09e7321542b73","timestamp":"2026-03-15 18:29:54:2954"}
{"isTest":false,"level":"\u001b[32minfo\u001b[39m","message":"\u001b[32mPagamento PIX processado com sucesso\u001b[39m","paymentId":149781637337,"status":"pending","timestamp":"2026-03-15 18:29:54:2954"}
{"dateOfExpiration":"2026-03-16T17:29:54.276-04:00","level":"\u001b[32minfo\u001b[39m","message":"\u001b[32mEnviando resposta PIX\u001b[39m","paymentId":149781637337,"status":"pending","timestamp":"2026-03-15 18:29:54:2954","transactionAmount":100}
{"duration":"1132ms","ip":"::1","level":"\u001b[35mhttp\u001b[39m","message":"\u001b[35mHTTP Request\u001b[39m","method":"POST","status":200,"timestamp":"2026-03-15 18:29:54:2954","url":"/pix/create","userAgent":"node"}
{"level":"\u001b[32minfo\u001b[39m","message":"\u001b[32mObtendo QR Code PIX\u001b[39m","paymentId":"undefined","timestamp":"2026-03-15 18:29:55:2955"}
{"error":"Si quieres conocer los recursos de la API que se encuentran disponibles visita el Sitio de Desarrolladores de MercadoLibre (https://developers.mercadopago.com)","level":"\u001b[33mwarn\u001b[39m","message":"\u001b[33mErro ao obter QR Code PIX, usando fallback\u001b[39m","paymentId":"undefined","timestamp":"2026-03-15 18:29:57:2957"}
{"level":"\u001b[32minfo\u001b[39m","message":"\u001b[32mQR Code PIX obtido com sucesso\u001b[39m","paymentId":"undefined","timestamp":"2026-03-15 18:29:57:2957"}
{"duration":"2324ms","ip":"::1","level":"\u001b[35mhttp\u001b[39m","message":"\u001b[35mHTTP Request\u001b[39m","method":"GET","status":200,"timestamp":"2026-03-15 18:29:57:2957","url":"/pix/qrcode/undefined","userAgent":"node"}
{"level":"\u001b[32minfo\u001b[39m","message":"\u001b[32mIniciando criação de pagamento PIX\u001b[39m","timestamp":"2026-03-15 18:31:25:3125"}
{"amount":150,"level":"\u001b[32minfo\u001b[39m","message":"\u001b[32mDados do pagamento PIX\u001b[39m","orderId":"test_qrcode_real_123","payerEmail":"qrcode@test.com","timestamp":"2026-03-15 18:31:25:3125"}
{"level":"\u001b[32minfo\u001b[39m","message":"\u001b[32mPagamento PIX criado\u001b[39m","orderId":"test_qrcode_real_123","paymentId":150503082090,"timestamp":"2026-03-15 18:31:27:3127"}
{"level":"\u001b[32minfo\u001b[39m","message":"\u001b[32mPagamento PIX criado com sucesso\u001b[39m","paymentId":150503082090,"timestamp":"2026-03-15 18:31:27:3127"}
{"level":"\u001b[32minfo\u001b[39m","message":"\u001b[32mPagamento interno criado para rastreamento\u001b[39m","paymentId":"69b7252f7ad09e7321542b75","preferenceId":"150503082090","timestamp":"2026-03-15 18:31:27:3127"}
{"level":"\u001b[32minfo\u001b[39m","message":"\u001b[32mPagamento interno criado\u001b[39m","paymentId":"69b7252f7ad09e7321542b75","timestamp":"2026-03-15 18:31:27:3127"}
{"isTest":false,"level":"\u001b[32minfo\u001b[39m","message":"\u001b[32mPagamento PIX processado com sucesso\u001b[39m","paymentId":150503082090,"status":"pending","timestamp":"2026-03-15 18:31:27:3127"}
{"dateOfExpiration":"2026-03-16T17:31:26.275-04:00","level":"\u001b[32minfo\u001b[39m","message":"\u001b[32mEnviando resposta PIX\u001b[39m","paymentId":150503082090,"status":"pending","timestamp":"2026-03-15 18:31:27:3127","transactionAmount":150}
{"duration":"1380ms","ip":"::1","level":"\u001b[35mhttp\u001b[39m","message":"\u001b[35mHTTP Request\u001b[39m","method":"POST","status":200,"timestamp":"2026-03-15 18:31:27:3127","url":"/pix/create","userAgent":"node"}
{"level":"\u001b[32minfo\u001b[39m","message":"\u001b[32mObtendo QR Code PIX\u001b[39m","paymentId":"undefined","timestamp":"2026-03-15 18:31:38:3138"}
{"error":"Si quieres conocer los recursos de la API que se encuentran disponibles visita el Sitio de Desarrolladores de MercadoLibre (https://developers.mercadopago.com)","level":"\u001b[33mwarn\u001b[39m","message":"\u001b[33mErro ao obter QR Code PIX, usando fallback\u001b[39m","paymentId":"undefined","timestamp":"2026-03-15 18:31:41:3141"}
{"level":"\u001b[32minfo\u001b[39m","message":"\u001b[32mQR Code PIX obtido com sucesso\u001b[39m","paymentId":"undefined","timestamp":"2026-03-15 18:31:41:3141"}
{"duration":"2682ms","ip":"::1","level":"\u001b[35mhttp\u001b[39m","message":"\u001b[35mHTTP Request\u001b[39m","method":"GET","status":200,"timestamp":"2026-03-15 18:31:41:3141","url":"/pix/qrcode/undefined","userAgent":"node"}
{"environment":"development","hasCredentials":true,"isSandbox":false,"level":"\u001b[32minfo\u001b[39m","message":"\u001b[32mMercado Pago configurado para pagamento real\u001b[39m","mode":"real-payment","timestamp":"2026-03-15 18:33:54:3354"}
{"environment":"development","level":"\u001b[32minfo\u001b[39m","message":"\u001b[32mSORED Backend iniciado\u001b[39m","port":"3001","timestamp":"2026-03-15 18:33:55:3355"}
{"level":"\u001b[32minfo\u001b[39m","message":"\u001b[32mMongoDB conectado com sucesso\u001b[39m","timestamp":"2026-03-15 18:33:55:3355","uri":"mongodb://localhost:27017/sored"}
{"level":"\u001b[32minfo\u001b[39m","message":"\u001b[32mObtendo QR Code PIX\u001b[39m","paymentId":"150503082090","timestamp":"2026-03-15 18:34:20:3420"}
{"level":"\u001b[32minfo\u001b[39m","message":"\u001b[32mQR Code PIX obtido\u001b[39m","paymentId":"150503082090","timestamp":"2026-03-15 18:34:21:3421"}
{"level":"\u001b[32minfo\u001b[39m","message":"\u001b[32mQR Code PIX obtido com sucesso\u001b[39m","paymentId":"150503082090","timestamp":"2026-03-15 18:34:21:3421"}
{"duration":"660ms","ip":"::1","level":"\u001b[35mhttp\u001b[39m","message":"\u001b[35mHTTP Request\u001b[39m","method":"GET","status":200,"timestamp":"2026-03-15 18:34:21:3421","url":"/pix/qrcode/150503082090","userAgent":"node"}
{"duration":"4ms","ip":"::1","level":"\u001b[35mhttp\u001b[39m","message":"\u001b[35mHTTP Request\u001b[39m","method":"GET","status":200,"timestamp":"2026-03-15 18:34:54:3454","url":"/public-key","userAgent":"node"}
{"duration":"2ms","ip":"::1","level":"\u001b[35mhttp\u001b[39m","message":"\u001b[35mHTTP Request\u001b[39m","method":"GET","status":200,"timestamp":"2026-03-15 18:34:54:3454","url":"/public-key","userAgent":"node"}
{"level":"\u001b[32minfo\u001b[39m","message":"\u001b[32mIniciando criação de pagamento PIX\u001b[39m","timestamp":"2026-03-15 18:35:26:3526"}
{"amount":100,"level":"\u001b[32minfo\u001b[39m","message":"\u001b[32mDados do pagamento PIX\u001b[39m","orderId":"plan_monthly_1773610526115","payerEmail":"gilmar40dutra@gmail.com","timestamp":"2026-03-15 18:35:26:3526"}
{"level":"\u001b[32minfo\u001b[39m","message":"\u001b[32mPagamento PIX criado\u001b[39m","orderId":"plan_monthly_1773610526115","paymentId":149781637787,"timestamp":"2026-03-15 18:35:27:3527"}
{"level":"\u001b[32minfo\u001b[39m","message":"\u001b[32mPagamento PIX criado com sucesso\u001b[39m","paymentId":149781637787,"timestamp":"2026-03-15 18:35:27:3527"}
{"level":"\u001b[32minfo\u001b[39m","message":"\u001b[32mPagamento interno criado para rastreamento\u001b[39m","paymentId":"69b7261fc566ee877db6c73c","preferenceId":"149781637787","timestamp":"2026-03-15 18:35:27:3527"}
{"level":"\u001b[32minfo\u001b[39m","message":"\u001b[32mPagamento interno criado\u001b[39m","paymentId":"69b7261fc566ee877db6c73c","timestamp":"2026-03-15 18:35:27:3527"}
{"isTest":false,"level":"\u001b[32minfo\u001b[39m","message":"\u001b[32mPagamento PIX processado com sucesso\u001b[39m","paymentId":149781637787,"status":"pending","timestamp":"2026-03-15 18:35:27:3527"}
{"dateOfExpiration":"2026-03-16T17:35:26.670-04:00","level":"\u001b[32minfo\u001b[39m","message":"\u001b[32mEnviando resposta PIX\u001b[39m","paymentId":149781637787,"status":"pending","timestamp":"2026-03-15 18:35:27:3527","transactionAmount":100}
{"duration":"1124ms","ip":"::1","level":"\u001b[35mhttp\u001b[39m","message":"\u001b[35mHTTP Request\u001b[39m","method":"POST","status":200,"timestamp":"2026-03-15 18:35:27:3527","url":"/pix/create","userAgent":"node"}
{"level":"\u001b[32minfo\u001b[39m","message":"\u001b[32mObtendo QR Code PIX\u001b[39m","paymentId":"149781637787","timestamp":"2026-03-15 18:35:27:3527"}
{"level":"\u001b[32minfo\u001b[39m","message":"\u001b[32mQR Code PIX obtido\u001b[39m","paymentId":"149781637787","timestamp":"2026-03-15 18:35:27:3527"}
{"level":"\u001b[32minfo\u001b[39m","message":"\u001b[32mQR Code PIX obtido com sucesso\u001b[39m","paymentId":"149781637787","timestamp":"2026-03-15 18:35:27:3527"}
{"duration":"228ms","ip":"::1","level":"\u001b[35mhttp\u001b[39m","message":"\u001b[35mHTTP Request\u001b[39m","method":"GET","status":200,"timestamp":"2026-03-15 18:35:27:3527","url":"/pix/qrcode/149781637787","userAgent":"node"}
{"duration":"2ms","ip":"::1","level":"\u001b[35mhttp\u001b[39m","message":"\u001b[35mHTTP Request\u001b[39m","method":"GET","status":200,"timestamp":"2026-03-15 18:36:03:363","url":"/public-key","userAgent":"node"}
{"duration":"2ms","ip":"::1","level":"\u001b[35mhttp\u001b[39m","message":"\u001b[35mHTTP Request\u001b[39m","method":"GET","status":200,"timestamp":"2026-03-15 18:36:03:363","url":"/public-key","userAgent":"node"}
{"amount":100,"description":"Plano Mensal - month","level":"\u001b[32minfo\u001b[39m","message":"\u001b[32mCreating checkout session with body:\u001b[39m","orderId":"plan_monthly_1773610626289","payerEmail":"josedasilva@gmail.com","payerFirstName":"jose","payerLastName":"da silva","payerPhone":"54997878713","paymentMethod":"credit_card","resolvedReturnUrl":"http://localhost:3000/subscription?success=true","returnUrl":"http://localhost:3000/subscription?success=true","timestamp":"2026-03-15 18:37:06:376"}
{"isSandbox":false,"level":"\u001b[32minfo\u001b[39m","message":"\u001b[32mPreferência de pagamento criada com Mercado Pago real\u001b[39m","orderId":"plan_monthly_1773610626289","preferenceId":"194511733-b476d4f3-bdaa-46f5-b7b8-b90f2e2ab194","timestamp":"2026-03-15 18:37:07:377"}
{"level":"\u001b[32minfo\u001b[39m","message":"\u001b[32mPagamento interno criado para rastreamento\u001b[39m","paymentId":"69b72683c566ee877db6c73e","preferenceId":"194511733-b476d4f3-bdaa-46f5-b7b8-b90f2e2ab194","timestamp":"2026-03-15 18:37:07:377"}
{"duration":"660ms","ip":"::1","level":"\u001b[35mhttp\u001b[39m","message":"\u001b[35mHTTP Request\u001b[39m","method":"POST","status":200,"timestamp":"2026-03-15 18:37:07:377","url":"/checkout","userAgent":"node"}
{"environment":"development","hasCredentials":true,"isSandbox":false,"level":"\u001b[32minfo\u001b[39m","message":"\u001b[32mMercado Pago configurado para pagamento real\u001b[39m","mode":"real-payment","timestamp":"2026-03-15 18:41:37:4137"}
{"environment":"development","level":"\u001b[32minfo\u001b[39m","message":"\u001b[32mSORED Backend iniciado\u001b[39m","port":"3001","timestamp":"2026-03-15 18:41:37:4137"}
{"level":"\u001b[32minfo\u001b[39m","message":"\u001b[32mMongoDB conectado com sucesso\u001b[39m","timestamp":"2026-03-15 18:41:38:4138","uri":"mongodb://localhost:27017/sored"}
{"amount":150,"description":"Plano Premium - Mensal","level":"\u001b[32minfo\u001b[39m","message":"\u001b[32mCreating checkout session with body:\u001b[39m","orderId":"test_cartao_123","payerEmail":"test@example.com","payerFirstName":"Test","payerLastName":"User","payerPhone":"11999999999","paymentMethod":"credit_card","resolvedReturnUrl":"http://localhost:3000/subscription?success=true","timestamp":"2026-03-15 18:43:49:4349"}
{"isSandbox":false,"level":"\u001b[32minfo\u001b[39m","message":"\u001b[32mPreferência de pagamento criada com Mercado Pago real\u001b[39m","orderId":"test_cartao_123","preferenceId":"194511733-a28f98af-f3c9-48b8-9863-584518be1092","timestamp":"2026-03-15 18:43:49:4349"}
{"level":"\u001b[32minfo\u001b[39m","message":"\u001b[32mPagamento interno criado para rastreamento\u001b[39m","paymentId":"69b7281553402d4ec428fc97","preferenceId":"194511733-a28f98af-f3c9-48b8-9863-584518be1092","timestamp":"2026-03-15 18:43:49:4349"}
{"duration":"836ms","ip":"::1","level":"\u001b[35mhttp\u001b[39m","message":"\u001b[35mHTTP Request\u001b[39m","method":"POST","status":200,"timestamp":"2026-03-15 18:43:49:4349","url":"/checkout","userAgent":"node"}
{"duration":"2ms","ip":"::1","level":"\u001b[35mhttp\u001b[39m","message":"\u001b[35mHTTP Request\u001b[39m","method":"GET","status":200,"timestamp":"2026-03-15 18:53:54:5354","url":"/public-key","userAgent":"node"}
{"duration":"3ms","ip":"::1","level":"\u001b[35mhttp\u001b[39m","message":"\u001b[35mHTTP Request\u001b[39m","method":"GET","status":200,"timestamp":"2026-03-15 18:53:54:5354","url":"/public-key","userAgent":"node"}
{"amount":100,"description":"Plano Mensal - month","level":"\u001b[32minfo\u001b[39m","message":"\u001b[32mCreating checkout session with body:\u001b[39m","orderId":"plan_monthly_1773611664300","payerEmail":"gilmar40dutra@gmail.com","payerFirstName":"gilmar","payerLastName":"dutra","payerPhone":"54996767613","paymentMethod":"credit_card","resolvedReturnUrl":"http://localhost:3000/subscription?success=true","returnUrl":"http://localhost:3000/subscription?success=true","timestamp":"2026-03-15 18:54:24:5424"}
{"isSandbox":false,"level":"\u001b[32minfo\u001b[39m","message":"\u001b[32mPreferência de pagamento criada com Mercado Pago real\u001b[39m","orderId":"plan_monthly_1773611664300","preferenceId":"194511733-b65458a1-eb8c-4058-81a3-cc7f822bcad5","timestamp":"2026-03-15 18:54:25:5425"}
{"level":"\u001b[32minfo\u001b[39m","message":"\u001b[32mPagamento interno criado para rastreamento\u001b[39m","paymentId":"69b72a9153402d4ec428fc99","preferenceId":"194511733-b65458a1-eb8c-4058-81a3-cc7f822bcad5","timestamp":"2026-03-15 18:54:25:5425"}
{"duration":"673ms","ip":"::1","level":"\u001b[35mhttp\u001b[39m","message":"\u001b[35mHTTP Request\u001b[39m","method":"POST","status":200,"timestamp":"2026-03-15 18:54:25:5425","url":"/checkout","userAgent":"node"}
{"environment":"development","hasCredentials":true,"isSandbox":false,"level":"\u001b[32minfo\u001b[39m","message":"\u001b[32mMercado Pago configurado para pagamento real\u001b[39m","mode":"real-payment","timestamp":"2026-03-15 18:56:58:5658"}
{"environment":"development","level":"\u001b[32minfo\u001b[39m","message":"\u001b[32mSORED Backend iniciado\u001b[39m","port":"3001","timestamp":"2026-03-15 18:56:59:5659"}
{"level":"\u001b[32minfo\u001b[39m","message":"\u001b[32mMongoDB conectado com sucesso\u001b[39m","timestamp":"2026-03-15 18:56:59:5659","uri":"mongodb://localhost:27017/sored"}
{"environment":"development","hasCredentials":true,"isSandbox":false,"level":"\u001b[32minfo\u001b[39m","message":"\u001b[32mMercado Pago configurado para pagamento real\u001b[39m","mode":"real-payment","timestamp":"2026-03-15 18:57:17:5717"}
{"environment":"development","level":"\u001b[32minfo\u001b[39m","message":"\u001b[32mSORED Backend iniciado\u001b[39m","port":"3001","timestamp":"2026-03-15 18:57:17:5717"}
{"level":"\u001b[32minfo\u001b[39m","message":"\u001b[32mMongoDB conectado com sucesso\u001b[39m","timestamp":"2026-03-15 18:57:17:5717","uri":"mongodb://localhost:27017/sored"}
{"amount":150,"description":"Plano Premium - Mensal","level":"\u001b[32minfo\u001b[39m","message":"\u001b[32mCreating checkout session with body:\u001b[39m","orderId":"test_cartao_fixed_456","payerEmail":"test@example.com","payerFirstName":"Test","payerLastName":"User","payerPhone":"11999999999","paymentMethod":"credit_card","resolvedReturnUrl":"http://localhost:3000/subscription?success=true","timestamp":"2026-03-15 18:57:31:5731"}
{"isSandbox":false,"level":"\u001b[32minfo\u001b[39m","message":"\u001b[32mPreferência de pagamento criada com Mercado Pago real\u001b[39m","orderId":"test_cartao_fixed_456","preferenceId":"194511733-0e50157d-043e-42e9-b817-ca88ae8ce1f1","timestamp":"2026-03-15 18:57:31:5731"}
{"level":"\u001b[32minfo\u001b[39m","message":"\u001b[32mPagamento interno criado para rastreamento\u001b[39m","paymentId":"69b72b4bba5b017efef97f66","preferenceId":"194511733-0e50157d-043e-42e9-b817-ca88ae8ce1f1","timestamp":"2026-03-15 18:57:31:5731"}
{"duration":"723ms","ip":"::1","level":"\u001b[35mhttp\u001b[39m","message":"\u001b[35mHTTP Request\u001b[39m","method":"POST","status":200,"timestamp":"2026-03-15 18:57:31:5731","url":"/checkout","userAgent":"node"}
{"environment":"development","hasCredentials":true,"isSandbox":false,"level":"\u001b[32minfo\u001b[39m","message":"\u001b[32mMercado Pago configurado para pagamento real\u001b[39m","mode":"real-payment","timestamp":"2026-03-15 18:58:35:5835"}
{"environment":"development","level":"\u001b[32minfo\u001b[39m","message":"\u001b[32mSORED Backend iniciado\u001b[39m","port":"3001","timestamp":"2026-03-15 18:58:36:5836"}
{"level":"\u001b[32minfo\u001b[39m","message":"\u001b[32mMongoDB conectado com sucesso\u001b[39m","timestamp":"2026-03-15 18:58:36:5836","uri":"mongodb://localhost:27017/sored"}
{"environment":"development","hasCredentials":true,"isSandbox":false,"level":"\u001b[32minfo\u001b[39m","message":"\u001b[32mMercado Pago configurado para pagamento real\u001b[39m","mode":"real-payment","timestamp":"2026-03-15 18:58:51:5851"}
{"environment":"development","level":"\u001b[32minfo\u001b[39m","message":"\u001b[32mSORED Backend iniciado\u001b[39m","port":"3001","timestamp":"2026-03-15 18:58:52:5852"}
{"level":"\u001b[32minfo\u001b[39m","message":"\u001b[32mMongoDB conectado com sucesso\u001b[39m","timestamp":"2026-03-15 18:58:52:5852","uri":"mongodb://localhost:27017/sored"}
{"amount":150,"description":"Plano Premium - Mensal","level":"\u001b[32minfo\u001b[39m","message":"\u001b[32mCreating checkout session with body:\u001b[39m","orderId":"test_final_789","payerEmail":"test@example.com","payerFirstName":"Test","payerLastName":"User","payerPhone":"11999999999","paymentMethod":"credit_card","resolvedReturnUrl":"http://localhost:3000/subscription?success=true","timestamp":"2026-03-15 18:59:00:590"}
{"isSandbox":false,"level":"\u001b[32minfo\u001b[39m","message":"\u001b[32mPreferência de pagamento criada com Mercado Pago real\u001b[39m","orderId":"test_final_789","preferenceId":"194511733-7cd4db51-7c15-4669-a430-78c7bb01935f","timestamp":"2026-03-15 18:59:01:591"}
{"level":"\u001b[32minfo\u001b[39m","message":"\u001b[32mPagamento interno criado para rastreamento\u001b[39m","paymentId":"69b72ba584a43592485eeed1","preferenceId":"194511733-7cd4db51-7c15-4669-a430-78c7bb01935f","timestamp":"2026-03-15 18:59:01:591"}
{"duration":"696ms","ip":"::1","level":"\u001b[35mhttp\u001b[39m","message":"\u001b[35mHTTP Request\u001b[39m","method":"POST","status":200,"timestamp":"2026-03-15 18:59:01:591","url":"/checkout","userAgent":"node"}
{"duration":"3ms","ip":"::1","level":"\u001b[35mhttp\u001b[39m","message":"\u001b[35mHTTP Request\u001b[39m","method":"GET","status":200,"timestamp":"2026-03-15 18:59:56:5956","url":"/public-key","userAgent":"node"}
{"duration":"2ms","ip":"::1","level":"\u001b[35mhttp\u001b[39m","message":"\u001b[35mHTTP Request\u001b[39m","method":"GET","status":200,"timestamp":"2026-03-15 18:59:56:5956","url":"/public-key","userAgent":"node"}
{"amount":100,"description":"Plano Mensal - month","level":"\u001b[32minfo\u001b[39m","message":"\u001b[32mCreating checkout session with body:\u001b[39m","orderId":"plan_monthly_1773612037895","payerEmail":"gilmar40dutra@gmail.com","payerFirstName":"gilmar","payerLastName":"dutra","payerPhone":"54996767613","paymentMethod":"credit_card","resolvedReturnUrl":"http://localhost:3000/subscription?success=true","returnUrl":"http://localhost:3000/subscription?success=true","timestamp":"2026-03-15 19:00:37:037"}
{"isSandbox":false,"level":"\u001b[32minfo\u001b[39m","message":"\u001b[32mPreferência de pagamento criada com Mercado Pago real\u001b[39m","orderId":"plan_monthly_1773612037895","preferenceId":"194511733-841009fc-4125-432d-ad53-8a4b9373cc6d","timestamp":"2026-03-15 19:00:38:038"}
{"level":"\u001b[32minfo\u001b[39m","message":"\u001b[32mPagamento interno criado para rastreamento\u001b[39m","paymentId":"69b72c0684a43592485eeed3","preferenceId":"194511733-841009fc-4125-432d-ad53-8a4b9373cc6d","timestamp":"2026-03-15 19:00:38:038"}
{"duration":"646ms","ip":"::1","level":"\u001b[35mhttp\u001b[39m","message":"\u001b[35mHTTP Request\u001b[39m","method":"POST","status":200,"timestamp":"2026-03-15 19:00:38:038","url":"/checkout","userAgent":"node"}
{"environment":"development","hasCredentials":true,"isSandbox":false,"level":"\u001b[32minfo\u001b[39m","message":"\u001b[32mMercado Pago configurado para pagamento real\u001b[39m","mode":"real-payment","timestamp":"2026-03-15 19:03:36:336"}
{"environment":"development","level":"\u001b[32minfo\u001b[39m","message":"\u001b[32mSORED Backend iniciado\u001b[39m","port":"3001","timestamp":"2026-03-15 19:03:37:337"}
{"level":"\u001b[32minfo\u001b[39m","message":"\u001b[32mMongoDB conectado com sucesso\u001b[39m","timestamp":"2026-03-15 19:03:37:337","uri":"mongodb://localhost:27017/sored"}
{"environment":"development","hasCredentials":true,"isSandbox":false,"level":"\u001b[32minfo\u001b[39m","message":"\u001b[32mMercado Pago configurado para pagamento real\u001b[39m","mode":"real-payment","timestamp":"2026-03-15 19:03:53:353"}
{"environment":"development","level":"\u001b[32minfo\u001b[39m","message":"\u001b[32mSORED Backend iniciado\u001b[39m","port":"3001","timestamp":"2026-03-15 19:03:54:354"}
{"level":"\u001b[32minfo\u001b[39m","message":"\u001b[32mMongoDB conectado com sucesso\u001b[39m","timestamp":"2026-03-15 19:03:54:354","uri":"mongodb://localhost:27017/sored"}
{"amount":150,"description":"Plano Premium - Mensal","level":"\u001b[32minfo\u001b[39m","message":"\u001b[32mCreating checkout session with body:\u001b[39m","orderId":"test_final_corrected_999","payerEmail":"test@example.com","payerFirstName":"Test","payerLastName":"User","payerPhone":"11999999999","paymentMethod":"credit_card","resolvedReturnUrl":"http://localhost:3000/subscription?success=true","timestamp":"2026-03-15 19:04:11:411"}
{"forcedUrl":"https://www.mercadopago.com.br/checkout/v1/redirect?pref_id=194511733-da7688fe-4cd9-4a72-b248-f69a49250060&installments=1&disable_coupon=true&exclude_payment_type=atm,ticket,debit_card&binary_mode=false","isSandbox":false,"level":"\u001b[32minfo\u001b[39m","message":"\u001b[32mPreferência de pagamento criada com Mercado Pago real\u001b[39m","orderId":"test_final_corrected_999","preferenceId":"194511733-da7688fe-4cd9-4a72-b248-f69a49250060","timestamp":"2026-03-15 19:04:12:412"}
{"level":"\u001b[32minfo\u001b[39m","message":"\u001b[32mPagamento interno criado para rastreamento\u001b[39m","paymentId":"69b72cdca2df45921c803956","preferenceId":"194511733-da7688fe-4cd9-4a72-b248-f69a49250060","timestamp":"2026-03-15 19:04:12:412"}
{"duration":"699ms","ip":"::1","level":"\u001b[35mhttp\u001b[39m","message":"\u001b[35mHTTP Request\u001b[39m","method":"POST","status":200,"timestamp":"2026-03-15 19:04:12:412","url":"/checkout","userAgent":"node"}
{"amount":150,"description":"Plano Premium - Mensal","level":"\u001b[32minfo\u001b[39m","message":"\u001b[32mCreating checkout session with body:\u001b[39m","orderId":"test_enhanced_123","payerEmail":"test@example.com","payerFirstName":"Test","payerLastName":"User","payerPhone":"11999999999","paymentMethod":"credit_card","resolvedReturnUrl":"http://localhost:3000/subscription?success=true","timestamp":"2026-03-15 19:05:07:57"}
{"forcedUrl":"https://www.mercadopago.com.br/checkout/v1/redirect?pref_id=194511733-2db7a38b-d221-4e0a-851d-ee349e2e64ad&installments=1&disable_coupon=true&exclude_payment_type=atm,ticket,debit_card&binary_mode=false","isSandbox":false,"level":"\u001b[32minfo\u001b[39m","message":"\u001b[32mPreferência de pagamento criada com Mercado Pago real\u001b[39m","orderId":"test_enhanced_123","preferenceId":"194511733-2db7a38b-d221-4e0a-851d-ee349e2e64ad","timestamp":"2026-03-15 19:05:07:57"}
{"level":"\u001b[32minfo\u001b[39m","message":"\u001b[32mPagamento interno criado para rastreamento\u001b[39m","paymentId":"69b72d13a2df45921c803958","preferenceId":"194511733-2db7a38b-d221-4e0a-851d-ee349e2e64ad","timestamp":"2026-03-15 19:05:07:57"}
{"duration":"559ms","ip":"::1","level":"\u001b[35mhttp\u001b[39m","message":"\u001b[35mHTTP Request\u001b[39m","method":"POST","status":200,"timestamp":"2026-03-15 19:05:07:57","url":"/checkout","userAgent":"node"}
{"duration":"2ms","ip":"::1","level":"\u001b[35mhttp\u001b[39m","message":"\u001b[35mHTTP Request\u001b[39m","method":"GET","status":200,"timestamp":"2026-03-15 19:06:10:610","url":"/public-key","userAgent":"node"}
{"duration":"3ms","ip":"::1","level":"\u001b[35mhttp\u001b[39m","message":"\u001b[35mHTTP Request\u001b[39m","method":"GET","status":200,"timestamp":"2026-03-15 19:07:09:79","url":"/public-key","userAgent":"node"}
{"duration":"2ms","ip":"::1","level":"\u001b[35mhttp\u001b[39m","message":"\u001b[35mHTTP Request\u001b[39m","method":"GET","status":200,"timestamp":"2026-03-15 19:07:09:79","url":"/public-key","userAgent":"node"}
{"environment":"development","hasCredentials":true,"isSandbox":false,"level":"\u001b[32minfo\u001b[39m","message":"\u001b[32mMercado Pago configurado para pagamento real\u001b[39m","mode":"real-payment","timestamp":"2026-03-15 20:56:02:562"}
{"environment":"development","level":"\u001b[32minfo\u001b[39m","message":"\u001b[32mSORED Backend iniciado\u001b[39m","port":"3001","timestamp":"2026-03-15 20:56:05:565"}
{"level":"\u001b[32minfo\u001b[39m","message":"\u001b[32mMongoDB conectado com sucesso\u001b[39m","timestamp":"2026-03-15 20:56:05:565","uri":"mongodb://localhost:27017/sored"}
{"duration":"30ms","ip":"::1","level":"\u001b[35mhttp\u001b[39m","message":"\u001b[35mHTTP Request\u001b[39m","method":"GET","status":200,"timestamp":"2026-03-15 20:56:43:5643","url":"/public-key","userAgent":"node"}
{"duration":"1ms","ip":"::1","level":"\u001b[35mhttp\u001b[39m","message":"\u001b[35mHTTP Request\u001b[39m","method":"GET","status":200,"timestamp":"2026-03-15 20:56:43:5643","url":"/public-key","userAgent":"node"}
{"level":"\u001b[32minfo\u001b[39m","message":"\u001b[32mHealth check hit\u001b[39m","timestamp":"2026-03-15 20:57:04:574"}
{"duration":"2ms","ip":"::1","level":"\u001b[35mhttp\u001b[39m","message":"\u001b[35mHTTP Request\u001b[39m","method":"HEAD","status":200,"timestamp":"2026-03-15 20:57:04:574","url":"/api/health","userAgent":"curl/8.18.0"}
{"amount":100,"description":"Mensal","level":"\u001b[32minfo\u001b[39m","message":"\u001b[32mCreating checkout session with body:\u001b[39m","orderId":"test_restart_123","payerEmail":"test@example.com","payerFirstName":"Test","payerLastName":"User","payerPhone":"11999999999","paymentMethod":"credit_card","resolvedReturnUrl":"http://localhost:3000/subscription?success=true","timestamp":"2026-03-15 20:57:29:5729"}
{"forcedUrl":"https://www.mercadopago.com.br/checkout/v1/redirect?pref_id=194511733-74fbb928-8ba7-4574-85f9-1267c93121e9&installments=1&disable_coupon=true&exclude_payment_type=atm,ticket,debit_card&binary_mode=false","isSandbox":false,"level":"\u001b[32minfo\u001b[39m","message":"\u001b[32mPreferência de pagamento criada com Mercado Pago real\u001b[39m","orderId":"test_restart_123","preferenceId":"194511733-74fbb928-8ba7-4574-85f9-1267c93121e9","timestamp":"2026-03-15 20:57:30:5730"}
{"level":"\u001b[32minfo\u001b[39m","message":"\u001b[32mPagamento interno criado para rastreamento\u001b[39m","paymentId":"69b7476a92042bbd7d60fcbc","preferenceId":"194511733-74fbb928-8ba7-4574-85f9-1267c93121e9","timestamp":"2026-03-15 20:57:30:5730"}
{"duration":"742ms","ip":"::1","level":"\u001b[35mhttp\u001b[39m","message":"\u001b[35mHTTP Request\u001b[39m","method":"POST","status":200,"timestamp":"2026-03-15 20:57:30:5730","url":"/checkout","userAgent":"node"}
{"duration":"40ms","ip":"::1","level":"\u001b[35mhttp\u001b[39m","message":"\u001b[35mHTTP Request\u001b[39m","method":"GET","status":200,"timestamp":"2026-03-15 21:05:11:511","url":"/public-key","userAgent":"node"}
{"duration":"3ms","ip":"::1","level":"\u001b[35mhttp\u001b[39m","message":"\u001b[35mHTTP Request\u001b[39m","method":"GET","status":200,"timestamp":"2026-03-15 21:05:11:511","url":"/public-key","userAgent":"node"}
{"environment":"development","hasCredentials":true,"isSandbox":false,"level":"\u001b[32minfo\u001b[39m","message":"\u001b[32mMercado Pago configurado para pagamento real\u001b[39m","mode":"real-payment","timestamp":"2026-03-15 21:10:37:1037"}
{"environment":"development","level":"\u001b[32minfo\u001b[39m","message":"\u001b[32mSORED Backend iniciado\u001b[39m","port":"3001","timestamp":"2026-03-15 21:10:38:1038"}
{"level":"\u001b[32minfo\u001b[39m","message":"\u001b[32mMongoDB conectado com sucesso\u001b[39m","timestamp":"2026-03-15 21:10:39:1039","uri":"mongodb://localhost:27017/sored"}
{"environment":"development","hasCredentials":true,"isSandbox":false,"level":"\u001b[32minfo\u001b[39m","message":"\u001b[32mMercado Pago configurado para pagamento real\u001b[39m","mode":"real-payment","timestamp":"2026-03-15 21:12:21:1221"}
{"environment":"development","level":"\u001b[32minfo\u001b[39m","message":"\u001b[32mSORED Backend iniciado\u001b[39m","port":"3001","timestamp":"2026-03-15 21:12:22:1222"}
{"level":"\u001b[32minfo\u001b[39m","message":"\u001b[32mMongoDB conectado com sucesso\u001b[39m","timestamp":"2026-03-15 21:12:22:1222","uri":"mongodb://localhost:27017/sored"}
{"duration":"8ms","ip":"::1","level":"\u001b[35mhttp\u001b[39m","message":"\u001b[35mHTTP Request\u001b[39m","method":"GET","status":401,"timestamp":"2026-03-15 21:12:29:1229","url":"/","userAgent":"curl/8.18.0"}
